timestamp,v_ref,omega_ref,v_loc,omega_loc,v_err,omega_err,v_cmd,omega_cmd
1763484747.3622203,0.6279827444645084,0.389990930620025,0.0,-0.009353151348695134,0.6279827444645084,0.3993440819687201,1.3364011085489267,0.5896629716043851
1763484747.3639488,0.6279827444645084,0.39000840555274496,-7.912816747719092e-06,-0.0069848400101153296,0.6279906572812561,0.3969932455628603,1.3364096543910144,0.5885050283341751
1763484747.3654106,0.2279827444645084,0.12345069224753026,-1.9338807812836412e-05,-0.028367506489021897,0.22800208327232122,0.15181819873655217,0.4724219944613644,0.19935979161580636
1763484747.3666942,0.2279827444645084,0.1234390359767858,-6.654993474431911e-05,0.010895037743210633,0.2280492943992527,0.11254399823357517,0.47247298247845043,0.1797110350935734
1763484747.3679302,0.2279827444645084,0.12343644021125094,-4.165092017275356e-05,0.002486236010154314,0.22802439538468114,0.12095020420109663,0.4724460915427131,0.18391154231179926
1763484747.5661497,0.22243590845135142,0.12129411076399928,-0.001389849369969724,-0.005369042832773328,0.22382575782132114,0.1266631535967726,0.42271701448268056,0.18462568756238557
1763484747.5677087,0.22243590845135142,0.12127855966448195,-0.0013324113719914922,0.011522558490163672,0.22376831982334291,0.10975600117431827,0.422654981444864,0.1761565602516411
1763484747.569001,0.22243590845135142,0.12127257188765117,-0.001300558177331205,0.00497820828032507,0.22373646662868263,0.1162943636073261,0.42262057999463093,0.17941975369131422
1763484747.5703034,0.22243590845135142,0.12127443128465983,-0.0012560426034069659,-0.0024666129033407494,0.2236919510547584,0.12374104418800058,0.4225725031747927,0.1831449533786601
1763484747.7705076,0.2097319526815774,0.11120806301664597,0.19538015242763873,0.019797706614426366,0.014351800253938674,0.0914103564022196,0.14625010891481904,0.15691324121775577
1763484747.7720327,0.6497319526815775,0.399154233234226,0.1968972694173687,0.02240353968870334,0.4528346832642087,0.37675069354552265,1.0950116225659108,0.5875295800069873
1763484747.7733788,0.6497319526815775,0.3994036649221233,0.19818815007395357,-0.0026205903071976158,0.4515438026076239,0.40202425522932095,1.0936174714567992,0.6004157925367838
1763484747.7747138,0.6497319526815775,0.3996707892389956,0.19951703667641738,-0.011592091345519022,0.45021491600516006,0.41126288058451466,1.0921822739261382,0.6053022295312529
1763484747.976038,0.6404575704534222,0.45578251977916334,0.400727341838007,-0.04081416209436318,0.2397302286154152,0.4965966818735265,0.8229878142100221,0.7040808607159266
1763484747.9776537,0.6404575704534222,0.45645958332372494,0.40234979015280675,-0.002769354005560839,0.23810778030061547,0.45922893732928577,0.8212355700300383,0.6860740519883678
1763484747.9789243,0.6404575704534222,0.4567919085571438,0.4029569405745287,0.10713167149248484,0.23750062987889353,0.349660237064659,0.8205798475745787,0.6316220270894732
1763484747.9800909,0.6404575704534222,0.45693578818312314,0.403536935054904,0.20278043096713902,0.2369206353985182,0.25415535721598415,0.8199534535357733,0.5840134667911152
1763484748.1825817,0.6255761676790891,0.5039092007273446,0.6065087885095131,0.15250434480532543,0.019067379169576015,0.35140485592201914,0.5436636359721414,0.6796116286883541
1763484748.184111,0.6255761676790891,0.5045922089539259,0.6080453699187053,0.18656080898697253,0.0175307977603838,0.31803139996695334,0.5420041280502138,0.6636079089374025
1763484748.1854215,0.6255761676790891,0.5051509666627875,0.6093360261876931,0.2023290838140188,0.016240141491395965,0.30282188284876865,0.540610219279707,0.6565619080871719
1763484748.1872308,0.6255761676790891,0.5497194965240687,0.615472431431052,0.2238689592810671,0.010103736248037065,0.3258505372430016,0.5339829016168793,0.7126447651455695
1763484748.3873656,0.596487426882758,0.6476937547515592,0.7084067693884988,0.2977602541254782,-0.11191934250574076,0.34993350062608103,0.3554458382687242,0.8226605050645998
1763484748.3889198,0.596487426882758,0.6485125391254778,0.7092101544544753,0.37183021433284913,-0.11272272757171731,0.27668232479262866,0.3545781823974696,0.7868537015217921
1763484748.390287,0.596487426882758,0.6490287693456684,0.7098866743088489,0.4865875511606836,-0.11339924742609087,0.16244121818498486,0.35384754095474613,0.7302493784381608
1763484748.3916175,0.596487426882758,0.6493638437730731,0.7105525284663793,0.5830205301302779,-0.11406510158362126,0.06634331364279522,0.3531284184646133,0.6825355005944707
1763484748.596978,0.5551110831106844,0.6805897952319008,0.608316633632286,0.6856897497389737,-0.0532055505216017,-0.005099954507072901,0.3716279864440419,0.6780398179783643
1763484748.5985878,0.5551110831106844,0.6804528405893039,0.6075536967844225,0.8104999988621548,-0.05244261367373815,-0.13004715827285096,0.37245195823973454,0.6154292614528785
1763484748.5999362,0.5551110831106844,0.6803525356278017,0.6061925108895512,0.8012021276213387,-0.05108142777886682,-0.12084959199353695,0.3739220390061956,0.6199277396310332
1763484748.601278,0.5551110831106844,0.6800985099600689,0.6055087354574442,0.8860693130088867,-0.05039765234675986,-0.20597080304881776,0.3746605164728711,0.57711310843566
1763484748.7968922,0.5239796298052445,0.6821740789246404,0.41087518333544687,0.8722241727552932,0.11310444646979761,-0.19005009383065274,0.5314369656301844,0.587149032009314
1763484748.7985163,0.5239796298052445,0.6814543093634439,0.40928975311449645,0.8947754583997828,0.11468987669074804,-0.21332114903633892,0.5331492302688109,0.5747937348452744
1763484748.799855,0.5239796298052445,0.6807827986879746,0.4079668632294884,0.9390767933933087,0.1160127665757561,-0.2582939947053341,0.5345779513446196,0.5516358013353075
1763484748.8011594,0.5239796298052445,0.680361988434323,0.4073037782599022,0.791438016149187,0.11667585154534227,-0.11107602771486391,0.5352940831117726,0.6248239745768911
1763484749.0016358,0.5062817987617424,0.6445158528778735,0.3104078655220912,0.6896210268146845,0.1958739332396512,-0.045105173936811016,0.6350601341445988,0.621963265909468
1763484749.0031242,0.5062817987617424,0.6439336631322615,0.3103940535698204,0.7016611875701378,0.19588774519192198,-0.05772752443787632,0.6350750510530513,0.6150699009133234
1763484749.0043395,0.5062817987617424,0.6434784159300194,0.31037952802037405,0.6880961935173837,0.19590227074136835,-0.04461777758736429,0.6350907386464534,0.6211695271363373
1763484749.005522,0.5062817987617424,0.6431818847893971,0.3097895288569418,0.5906955733758439,0.19649226990480062,0.0524863114135532,0.6357279377429603,0.6694250404961737
1763484749.2065816,0.4857180669812964,0.590628223275156,0.5102828738437257,0.6095796783808584,-0.024564806862429345,-0.018951455105702397,0.4285841834121075,0.5811524957223048
1763484749.2081413,0.4857180669812964,0.5906049815095301,0.51184439086501,0.6323996707811294,-0.02612632388371361,-0.04179468927159924,0.42689774502912053,0.5697076368737305
1763484749.209469,0.4857180669812964,0.5907674432289617,0.5124701738492964,0.5270787352623008,-0.026752106868000003,0.06368870796666093,0.42622189940609123,0.6226117972122922
1763484749.2107751,0.4857180669812964,0.6163421203724964,0.5124703301506617,0.5102202082574923,-0.026752263169365298,0.1061219121150041,0.4262217306006167,0.6694030764299984
1763484749.4093142,0.4659664336073363,0.7656761935114206,0.5412183722919727,0.5350260346622039,-0.07525193868463637,0.2306501588492167,0.4229033731630503,0.8810012729360289
1763484749.410964,0.4659664336073363,0.7663490530052358,0.5428645280699849,0.507469999979492,-0.07689809446264856,0.25887905302574377,0.4211255249227972,0.8957885795181078
1763484749.4123352,0.4760527038523858,0.7835569065490952,0.5428955621068691,0.4790658877696202,-0.06684285825448327,0.30449101877947493,0.4814565224296942,0.9358024159388326
1763484749.4138527,0.4760527038523858,0.7841592386610904,0.5429180054417158,0.530469227686805,-0.06686530158932996,0.25369001097428534,0.4814322836280598,0.9110042441482331
1763484749.6143816,0.486961768176727,0.8917861069603368,0.6456930665899656,0.4218359995271384,-0.15873129841323863,0.46995010743319837,0.47026710585383624,1.1267611606769359
1763484749.6159353,0.486961768176727,0.8930117975427057,0.6441387405394972,0.38910881840850137,-0.15717697236277017,0.5039029791342042,0.4719457779883422,1.1449632871098077
1763484749.6173065,0.486961768176727,0.8940630835866544,0.6427806159225805,0.41057473040621034,-0.15581884774585353,0.4834883531804441,0.4734125525746122,1.1358072601768765
1763484749.6186092,0.486961768176727,0.8949580228114711,0.6421395035044213,0.49004102779511877,-0.1551777353276943,0.4049169950163523,0.4741049539862241,1.0974165203196473
1763484749.6199026,0.486961768176727,0.8958570367503362,0.6421207641908837,0.48242809812469317,-0.15515899601415672,0.41342893862564306,0.4741251924448447,1.1025715060631578
1763484749.818931,0.491624799103856,0.9921015270724053,0.7371498148295463,0.6069291840418308,-0.24552501572569035,0.38517234303057446,0.44750415876827304,1.1846876985876924
1763484749.8205044,0.491624799103856,0.9934871016611376,0.7371236537946062,0.6061465697499325,-0.24549885469075022,0.3873405319112051,0.44753241268600835,1.1871573676167402
1763484749.8218365,0.491624799103856,0.9945436969875924,0.7378103183936591,0.6962605020161513,-0.2461855192898031,0.29828319497144107,0.4467908149190313,1.143685294473313
1763484749.8231187,0.491624799103856,0.9955798489608979,0.7377912708593145,0.6850628835631805,-0.24616647175545853,0.31051696539771745,0.44681138625612343,1.1508383316597566
1763484750.023176,0.5177603082412126,1.029394435760474,0.7374144558989579,0.8896040911082559,-0.21965414765774538,0.13979034465221818,0.5527357898733198,1.099289608086583
1763484750.0247083,0.5177603082412126,1.0302226164000212,0.7373761487141584,0.9013710738144132,-0.2196158404729458,0.12885154258560805,0.5527771616329034,1.0946483876928252
1763484750.0259142,0.5177603082412126,1.0307331086402993,0.7379815779258383,1.0252322133957594,-0.22022126968462574,0.005500895244539894,0.5521232980842891,1.0334835562625693
1763484750.027201,0.5177603082412126,1.031316516059912,0.737957190222166,0.996403977868575,-0.22019688198095344,0.034912538191336995,0.5521496368042551,1.0487727851555806
1763484750.2289534,0.5521280760780445,0.9973711914978941,0.7372604395797783,1.0315699554445477,-0.1851323635017338,-0.034198763946653554,0.6578860179412171,0.9802718095245673
1763484750.2305303,0.5521280760780445,0.997920271510868,0.7372008658779737,0.9754811103249063,-0.18507278979992925,0.022439161185961787,0.657950357539166,1.009139852103849
1763484750.2318397,0.5521280760780445,0.9983296913653467,0.7372234572006369,1.012808136066847,-0.18509538112259238,-0.014478444701500393,0.6579259589106898,0.9910904690145965
1763484750.2331176,0.5521280760780445,0.9986418862817479,0.7379171038978056,1.0835129188903514,-0.18578902781976114,-0.08487103260860351,0.6571768204777476,0.9562063699774461
1763484750.4331377,0.6113868595681707,0.758167645299013,0.8728731664463476,1.1116196281562312,-0.26148630687817687,-0.3534519828572181,0.6534004396347872,0.5814416538704039
1763484750.4345949,0.6113868595681707,0.757988279969087,0.8735857155072113,1.1807624800649956,-0.2621988559390406,-0.4227742000959086,0.6526308866490544,0.5466011799211328
1763484750.4358945,0.6113868595681707,0.7579617411729118,0.8742360266889764,1.098622597048334,-0.26284916712080564,-0.3406608558754223,0.6519285505727481,0.5876313132352007
1763484750.437429,0.6113868595681707,0.7579212898445392,0.8742616485544837,1.1042020975302855,-0.262874788986313,-0.3462808076857463,0.6519008789580002,0.5847808860016661
1763484750.6375294,0.6525443952153108,0.6672424838446479,1.0703102854681674,1.1197514665197799,-0.4177658902528566,-0.45250898267513195,0.5288073281689856,0.4409879925070819
1763484750.6390822,0.6525443952153108,0.6672116654755571,1.071894459913758,1.108404356822633,-0.41935006469844727,-0.44119269134707584,0.5270964197677476,0.4466153198020192
1763484750.6404321,0.6525443952153108,0.6671281646691488,1.071900498518154,1.1405103110324384,-0.4193561033028431,-0.47338214636328957,0.5270898980750001,0.43043709148750403
1763484750.6417408,0.6525443952153108,0.6670488764594423,1.0718834059789053,1.1393536904417887,-0.4193390107635945,-0.47230481398234636,0.5271083580173886,0.43089646946826915
1763484750.8429914,0.683083300473941,0.5552946969220757,1.070157268975102,0.8849141833075347,-0.38707396850116105,-0.329619486385459,0.5829485303278161,0.39048495372934616
1763484750.8445592,0.683083300473941,0.5556494916074748,1.070193676439176,0.704688941010392,-0.387110375965235,-0.14903944940291725,0.5829092102666162,0.48112976690601617
1763484750.8458564,0.683083300473941,0.5559552810249924,1.0701937720429953,0.6985722198155665,-0.3871104715690543,-0.14261693879057413,0.5829091070144914,0.4846468116297053
1763484750.847129,0.683083300473941,0.5562258322437696,1.0701505115537704,0.716085051995256,-0.38706721107982944,-0.15985921975148631,0.5829558283428543,0.4762962223680265
1763484751.0471241,0.730936943572552,0.5417089461470531,0.9778330452826072,0.6008072179075633,-0.24689610171005516,-0.05909827176051019,0.7644828531599065,0.512159810266798
1763484751.049199,0.730936943572552,0.542040227736499,0.9757204958108333,0.6203094700839265,-0.2447835522382813,-0.07826924234742749,0.7667644065894222,0.5029056065627853
1763484751.051023,0.730936943572552,0.5426667404677177,0.974767334790412,0.5000171241996711,-0.24383039121786,0.04264961626804653,0.7677938204914773,0.5639915486017409
1763484751.0528302,0.720936943572552,0.5361009767878501,0.9738681898838225,0.41111111124846145,-0.2529312463112705,0.12498986553938862,0.747164896990594,0.5985959095575444
1763484751.2520175,0.7644248184691063,0.44585942862452943,0.9719490133582186,0.39484588899964096,-0.20752419488911233,0.05101353962488847,0.8139099992593334,0.4713661984369737
1763484751.2535958,0.7644248184691063,0.44630777947436073,0.9719562060130312,0.377541348944346,-0.20753138754392497,0.06876643053001474,0.8139022311921358,0.4806909947393681
1763484751.2548904,0.7644248184691063,0.4466981133865814,0.971956028681624,0.36672678998911595,-0.20753121021251775,0.07997132339746543,0.8139024227100555,0.48668377508531413
1763484751.2561924,0.7644248184691063,0.44695543546239275,0.9718946050257082,0.43623437836700185,-0.20746978655660198,0.010721057095390896,0.8139687602584446,0.4523159640100882
1763484751.4588237,0.8121919639161701,0.06449741953991726,1.0722619431222822,0.38595408440598655,-0.2600699792061121,-0.3214566648660693,0.7733305041155333,-0.09623091289311737
1763484751.460288,0.8121919639161701,0.06370258586035103,1.073777879052312,0.4014086419944671,-0.26158591513614193,-0.33770605613411603,0.771693293311101,-0.10515044220670698
1763484751.461584,0.8121919639161701,0.0630296699811136,1.0751113145488411,0.3861431442653501,-0.262919350632671,-0.32311347428423653,0.7702531829748497,-0.09852706716100466
1763484751.4631083,0.8121919639161701,0.06218812058549849,1.0751324092705938,0.4041483827864006,-0.26294044535442374,-0.3419602622009021,0.7702304006753568,-0.10879201051495255
1763484751.6613588,0.8331638915313556,-0.07167331656045198,1.2753723239081936,0.41517705089664897,-0.44220843237683793,-0.486850367457101,0.5590785828681951,-0.31509850028900244
1763484751.6628945,0.8331638915313556,-0.07270956504978125,1.2761061808083318,0.29211751289024523,-0.4429422892769762,-0.3648270779400265,0.5582860174160458,-0.2551231040197945
1763484751.6641893,0.8331638915313556,-0.07394272847637753,1.2768044295290042,0.45623700253101496,-0.4436405379976486,-0.5301797310073925,0.5575319087977195,-0.3390325939800738
1763484751.6654973,0.8331638915313556,-0.07509539751245246,1.2768338840883655,0.4107939709881801,-0.4436699925570099,-0.4858893685006326,0.5575000978736093,-0.31804008176276877
1763484751.6667202,0.8331638915313556,-0.07614526920326364,1.276813179182781,0.39463713510228343,-0.4436492876514254,-0.4707824043055471,0.5575224591716406,-0.3115364713560372
1763484751.86616,0.8465163738565312,-0.1900975902415966,1.2732265731166952,0.2157447439341054,-0.42671019926016396,-0.405842334175702,0.5465403025089259,-0.3930187573294476
1763484751.8677442,0.8465163738565312,-0.19106775866002496,1.2724211833231487,0.07128338950082008,-0.42590480946661746,-0.26235114816084504,0.5474101234859562,-0.3222433327404475
1763484751.8690412,0.8465163738565312,-0.19194595152267946,1.2724150635670841,0.10754807429842508,-0.4258986897105529,-0.2994940258211045,0.5474167328225059,-0.3416929644332317
1763484751.8703747,0.8465163738565312,-0.19281051771072516,1.2723687288124261,0.08867964921671635,-0.4258523549558949,-0.2814901669274415,0.5474667743575365,-0.33355560117444594
1763484752.0718138,0.8516564631267859,-0.29701084736448136,1.0762715753169931,0.11020756228144113,-0.22461511219020724,-0.4072184096459225,0.7243516636677528,-0.5006200521874427
1763484752.0734231,0.8516564631267859,-0.29831438694678997,1.0746696760752805,0.12667886619613614,-0.22301321294849463,-0.42499325314292613,0.7260817148488025,-0.5108110135182531
1763484752.0747364,0.8516564631267859,-0.2991120847904128,1.0740021373432762,-0.0012618547165736138,-0.22234567421649032,-0.29785023007383915,0.7268026566793672,-0.44803719982733237
1763484752.0760422,0.8516564631267859,-0.2999000616325542,1.0727011135944897,-0.005010331291498856,-0.22104465046770383,-0.29488973034105537,0.7282077623280565,-0.4473449268030819
1763484752.2786064,0.8582112635076137,-0.3616199181644416,0.9783156569103615,-0.1079529079604785,-0.12010439340274781,-0.2536670102039631,0.7971554197133055,-0.48845342326642316
1763484752.2801762,0.8582112635076137,-0.362172353922229,0.9775644261239841,-0.19716796963865357,-0.11935316261637041,-0.16500438428357544,0.7979667489625931,-0.44467454606401674
1763484752.2815075,0.8582112635076137,-0.3625977114324563,0.9775859549781598,-0.2178245030010561,-0.11937469147054613,-0.14477320843140018,0.7979434978000833,-0.43498431564815637
1763484752.2831976,0.8982112635076137,-0.5054190649961792,0.7415017707984901,-0.1579971956097731,0.1567094927091236,-0.34742186938640607,1.1393144167141267,-0.6791299996893823
1763484752.481647,0.4860219265208766,-0.5150428715726837,0.9416863716491586,-0.19312597649571614,-0.45566444512828197,-0.3219168950769675,-0.014360924752160923,-0.6760013191111675
1763484752.491827,0.4860219265208766,-0.5254256832713434,0.9518377157423403,-0.20827143553134927,-0.4658157892214637,-0.3171542477399941,-0.02532437637279721,-0.6840028071413404
1763484752.4932024,0.4860219265208766,-0.5267205290376595,0.9525533554888168,-0.296501583965905,-0.4665314289679402,-0.23021894507175455,-0.02609726729899181,-0.6418300015735368
1763484752.494501,0.4860219265208766,-0.5279186709278073,0.9524911853146054,-0.3156012047627642,-0.4664692587937288,-0.2123174661650431,-0.026030123510843505,-0.6340774040103289
1763484752.6439655,0.47514133996253416,-0.45937957748308156,1.1008130127632274,-0.3039699581298576,-0.6256716728006932,-0.15540961935322395,-0.2557223934100799,-0.5370843871596935
1763484752.6459515,0.47514133996253416,-0.4612464379598657,1.1027642787304046,-0.3012011653673133,-0.6276229387678705,-0.1600452725925524,-0.25782976065463126,-0.5412690742561419
1763484752.647192,0.47514133996253416,-0.4624669905232167,1.1040261910097697,-0.27224741134284147,-0.6288848510472356,-0.19021957918037524,-0.2591926259163456,-0.5575767801134044
1763484752.6697264,0.47514133996253416,-0.48514217580826213,1.1264470518422196,-0.2995970411145007,-0.6513057118796854,-0.18554513469376144,-0.2834071556153915,-0.5779147431551428
1763484752.8927665,0.8658348810666642,-0.44988043497038016,0.907852411702998,-0.32197640365088237,-0.042017530636333844,-0.1279040313194978,0.7528760514834768,-0.5138324506301291
1763484752.8943613,0.8658348810666642,-0.4503586099327893,0.9062645373466622,-0.29185345738539825,-0.04042965627999806,-0.15850515254739106,0.7545909557883195,-0.5296111862064848
1763484752.8956563,0.8658348810666642,-0.4506806485747049,0.9049636251853513,-0.3231640087833926,-0.039128744118687164,-0.12751663979131234,0.7559959409225353,-0.5144389684703611
1763484752.896946,0.8658348810666642,-0.4510653407961439,0.9036611751532186,-0.29248783393572075,-0.03782629408655447,-0.15857750686042316,0.7574025869572386,-0.5303540942263555
1763484753.0976737,0.8385844417521613,-0.4283940131656757,0.7058778911349639,-0.27705959081674697,0.13270655061719738,-0.15133442234892874,0.8719555111301917,-0.5040612243401401
1763484753.0993013,0.8385844417521613,-0.4285385948619384,0.7042925298642233,-0.3090393109389947,0.134291911887938,-0.11949928392294368,0.8736677013025915,-0.48828823682341027
1763484753.100596,0.8385844417521613,-0.42871548064341153,0.7030132946719017,-0.27811190724141716,0.13557114708025964,-0.15060357340199437,0.8750492753102989,-0.5040172673444088
1763484753.1018867,0.8385844417521613,-0.4287286987903654,0.7017429580613417,-0.3575936575093557,0.1368414836908196,-0.07113504128100973,0.8764212388497037,-0.4642962194308703
1763484753.3026502,0.8040967930795595,-0.41209171446028703,0.9029334124888042,-0.28076547987169204,-0.09883661940924471,-0.131326234588595,0.54922366177109,-0.47775483175458455
1763484753.3042028,0.8040967930795595,-0.4124997348607652,0.9044655562903375,-0.30016078175014277,-0.10036876321077803,-0.11233895311062242,0.5475689464654341,-0.4686692114160764
1763484753.305542,0.8040967930795595,-0.4128634272727448,0.9057594168725378,-0.29598471203381,-0.1016626237929783,-0.11687871523893478,0.5461715770366578,-0.47130278489221217
1763484753.3068426,0.8040967930795595,-0.41321109444999604,0.9070685524476669,-0.29995926087250635,-0.10297175936810743,-0.11325183357748969,0.5447577106155183,-0.4698370112387409
1763484753.5060256,0.813318308752951,0.05130209170034841,0.9241106875836715,-0.31833156759371817,-0.11079237883072057,0.36963365929406655,0.5170092603677514,0.2361189213473817
1763484753.5074575,0.803318308752951,0.05151906253338414,0.9255022131559847,-0.30749464757326433,-0.12218390440303373,0.35901371010664845,0.4939064127496532,0.23102591758670837
1763484753.5087636,0.803318308752951,0.05224090590682901,0.9268386800555231,-0.28160340038935205,-0.1235203713025721,0.33384430629618106,0.49246302849815177,0.21916305905491953
1763484753.5100439,0.803318308752951,0.052966561537819604,0.9280747273969929,-0.2890090010239458,-0.12475641864404197,0.34197556256176537,0.4911280973693643,0.2239543428187023
1763484753.7093005,0.757459083047759,0.15292775149208074,1.0326156568178482,-0.3694035401059562,-0.2751565737700892,0.5223312915980369,0.25762825822262886,0.4140933972910992
1763484753.7113013,0.757459083047759,0.15496624980610163,1.0306408339702877,-0.4075121189016797,-0.2731817509225287,0.5624783687077813,0.25976106689799416,0.4362054341599923
1763484753.7130997,0.7430833004739391,0.15376668756555933,1.0288276400922238,-0.3847685759952628,-0.2857443396182847,0.5385352635608222,0.22335244374041147,0.4230343193459704
1763484753.7151234,0.7430833004739391,0.15578869475144322,1.0268062536705824,-0.4003469223389688,-0.2837229531966433,0.556135617090412,0.2255355410757842,0.43385650329664927
1763484753.9158664,0.6925443952153116,0.18880498407677657,0.8253375083685842,-0.39369338674663307,-0.13279311315327258,0.5824983708234096,0.327537842367541,0.48005416948848134
1763484753.9174278,0.6925443952153116,0.19011861571607835,0.82455193260611,-0.3143124404827191,-0.1320075373907984,0.5044310561987975,0.32838626419101313,0.4423341438154771
1763484753.918703,0.6925443952153116,0.19098931416208056,0.8238891305940474,-0.21050139527089679,-0.1313447353787358,0.4014907094329774,0.32910209036404076,0.3917346688785692
1763484753.91998,0.6925443952153116,0.1918431497729133,0.8226294431696279,-0.20010242004132173,-0.1300850479543163,0.391945569814235,0.3304625527824138,0.38781593468003084
1763484753.9212384,0.6925443952153116,0.192440439818255,0.8219888632990492,-0.07459334670276753,-0.12944446808373755,0.26703378652102255,0.33115437904263884,0.3259573330787663
1763484754.1198478,0.6413868595681688,0.13042279126618278,0.6280732632712338,-0.130150249493579,0.01331359629693496,0.2605730407597618,0.43661227899974697,0.2607093116460637
1763484754.1214194,0.6413868595681688,0.13101941137028963,0.6265100639546415,-0.1154871554800851,0.014876795613527283,0.24650656685037475,0.4383005342616667,0.254272694795477
1763484754.1227074,0.6413868595681688,0.13145944447415522,0.6251900112973394,-0.09053326176153934,0.016196848270829345,0.22199270623569456,0.4397261911315529,0.2424557975920025
1763484754.1240191,0.6413868595681688,0.1318696829032144,0.6238673289248503,-0.07153014540899483,0.01751953064331846,0.20339982831220924,0.4411546880938412,0.233569597059319
1763484754.3246028,0.5921280760780445,-0.034484025115891936,0.5215699810066322,0.013713992370315953,0.07055809507141231,-0.04819801748620789,0.46731030864679923,-0.05858303385899588
1763484754.3260152,0.5921280760780445,-0.03450285616421482,0.5215367329409525,-0.019863692083359842,0.07059134313709203,-0.014639164080854979,0.46734621655773334,-0.04182243820464231
1763484754.3271825,0.5921280760780445,-0.034580084284093114,0.5215535108687297,0.015121996771870925,0.07057456520931482,-0.04970208105596404,0.46732809639573397,-0.05943112481207513
1763484754.3286872,0.6121280760780445,-0.07638464623876,0.45775469341485686,-0.0203684787014674,0.15437338266318767,-0.0560161675372926,0.5794308192459167,-0.1043927300074063
1763484754.5288985,0.567760308241217,-0.1725275258861785,0.6551181875815258,0.00929858339074491,-0.08735787934030881,-0.18182610927692341,0.31028751724928744,-0.2634405805246402
1763484754.5304499,0.567760308241217,-0.1730173725923237,0.65662933939666,0.016475531687542996,-0.08886903115544298,-0.1894929042798667,0.30865547328894255,-0.267763824732257
1763484754.5317283,0.567760308241217,-0.17342154460015038,0.6566247451049392,0.015526469189028986,-0.08886443686372214,-0.18894801378917936,0.30866043512400104,-0.2678955514947401
1763484754.5329926,0.567760308241217,-0.17387279689808532,0.6566400399825661,0.04320587889353391,-0.08887973174134911,-0.21707867579161924,0.3086439166561639,-0.28241213479389493
1763484754.7341208,0.5316247991038557,-0.37131010022049593,0.8541575162723023,0.014048803034602098,-0.32253271716844656,-0.38535890325509803,0.07523691298645398,-0.5639895518480449
1763484754.7356775,0.5316247991038557,-0.37265242174687163,0.8556965464347528,0.027215541395825698,-0.32407174733089705,-0.39986796314269735,0.07357476041100745,-0.5725864033182203
1763484754.7369525,0.5316247991038557,-0.3735745667565382,0.8563237170656187,-0.0780612649485988,-0.324698917961763,-0.29551330180793944,0.07289741612967225,-0.5213312176605079
1763484754.7382054,0.5316247991038557,-0.37432585161597076,0.8569384088758032,-0.1705602436937092,-0.32531360977194745,-0.20376560792226156,0.07223354897467302,-0.47620865557710157
1763484754.938978,0.5069617681767334,-0.6793625661774949,0.6556456481189665,-0.2184599003537473,-0.1486838799422331,-0.4609026658237476,0.3086321137742958,-0.9098138990893687
1763484754.9405308,0.5069617681767334,-0.680695725022065,0.6540944122169943,-0.19911951121074947,-0.14713264404026083,-0.48157621381131555,0.31030744854842585,-0.9214838319277228
1763484754.9418247,0.5069617681767334,-0.6818388819149945,0.65281305975892,-0.17937422105548328,-0.14585129158218657,-0.5024646608595112,0.311691309203146,-0.9330712123447502
1763484754.9430962,0.5069617681767334,-0.6828389722681375,0.6521774445579809,-0.2568894861052445,-0.14521567638124744,-0.425949486162893,0.3123777736201603,-0.895813715349584
1763484755.1440632,0.4860527038523831,-0.8791046788472316,0.44995218205336907,-0.3039864713222646,0.03610052179901402,-0.575118207524967,0.5629937650569913,-1.166663782609715
1763484755.1456432,0.4860527038523831,-0.8799348537119228,0.4483790396802914,-0.3180734800190442,0.03767366417209167,-0.5618613736928786,0.5646927588199152,-1.160865540558362
1763484755.1469686,0.4860527038523831,-0.8806714762883536,0.4470993247253004,-0.2873111473688468,0.03895337912708269,-0.5933603289195069,0.5660748509713055,-1.177351640748107
1763484755.1482332,0.4860527038523831,-0.8813362208646053,0.4458398080775491,-0.3145808206231616,0.040212895774834,-0.5667554002414437,0.5674351289508769,-1.164713920985327
1763484755.3505042,0.4892864616557132,-0.9645912460536316,0.5484247462340192,-0.4076967862369332,-0.059138284578305944,-0.5568944598166984,0.5340213687599368,-1.2430384759619808
1763484755.3519208,0.4892864616557132,-0.9653599581588465,0.5491632424377415,-0.5045730267067925,-0.059876780782028294,-0.46078693145205396,0.5332237928599167,-1.1957534238848735
1763484755.353109,0.4892864616557132,-0.9658904268093914,0.5497618630419103,-0.6101018052300624,-0.060475401386197114,-0.355788621579329,0.5325772826074143,-1.143784737599056
1763484755.354289,0.4892864616557132,-0.9663166526479176,0.5503777286107316,-0.7035331711845545,-0.06109126695501843,-0.26278348146336306,0.5319121477930874,-1.097708393379599
1763484755.553805,0.5448680898342518,-0.6774604467019608,0.6596446536770533,-0.7095076335693684,-0.11477656384280144,0.032047186867407595,0.5877669044876601,-0.6614368532682571
1763484755.5554345,0.5448680898342518,-0.6777106437997911,0.6612848743973537,-0.7084935904144927,-0.1164167845631019,0.0307829466147016,0.5859954661097356,-0.6623191704924403
1763484755.556754,0.5448680898342518,-0.6779539855167254,0.6625936130820071,-0.6874665827058479,-0.11772552324775531,0.009512597189122562,0.5845820283303099,-0.6731976869221641
1763484755.5580466,0.5448680898342518,-0.7069942635766188,0.663261787007963,-0.8019937921278343,-0.11839369717371118,0.09499952855121552,0.5838604004902775,-0.659494499301011
1763484755.7579963,0.5594783486249786,-0.7681477042605288,0.76749075473188,-0.924129444932495,-0.20801240610690142,0.15598174067196624,0.5361970546663878,-0.6901568339245456
1763484755.7595582,0.5594783486249786,-0.7682656484832704,0.7682685797710274,-0.9996948366101488,-0.20879023114604878,0.2314291881268784,0.5353570036241087,-0.6525510544198312
1763484755.7608976,0.5594783486249786,-0.7682657394384489,0.7689913209346776,-1.0601057468566344,-0.209512972309699,0.2918400074181855,0.5345764431673664,-0.6223457357293561
1763484755.7621608,0.5594783486249786,-0.7681904811077502,0.7689780897760989,-1.107771473107011,-0.20949974115112036,0.33958099199926073,0.5345907328186313,-0.5983999851081199
1763484755.9635973,0.5693305285965888,-0.7956269122545397,0.7617374858952324,-1.1032334144264568,-0.19240695729864354,0.3076065021719171,0.577507445754107,-0.6418236611685812
1763484755.9651487,0.5693305285965888,-0.7959139264291987,0.7617743019985314,-0.9189019200506728,-0.19244377340194252,0.12298799362147417,0.577467684362544,-0.7344199296184616
1763484755.966459,0.5693305285965888,-0.7963348712073577,0.7624062440172055,-0.8085802254265095,-0.19307571542061663,0.01224535421915185,0.576785186982376,-0.7902121940977818
1763484755.9676323,0.5693305285965888,-0.7967109278378908,0.7624252519347776,-0.8108850086214779,-0.19309472333818878,0.014174080783587173,0.5767646584313981,-0.7896238874460972
1763484755.9688594,0.5693305285965888,-0.7971345455076357,0.7623745479317063,-0.791704115039527,-0.1930440193351175,-0.00543043046810876,0.5768194187547151,-0.7998497607416901
1763484756.1737463,0.5709422701366043,-0.8829383402939842,0.6559765514367398,-0.6662392630437662,-0.08503428130013557,-0.21669907725021798,0.6926683208018414,-0.9912878789190932
1763484756.1752996,0.5709422701366043,-0.8837208530015206,0.6551684270840403,-0.6005835729011805,-0.08422615694743607,-0.2831372801003401,0.6935410951027569,-1.0252894930516907
1763484756.1765783,0.5709422701366043,-0.8844067157170058,0.6551449794656167,-0.5734645569421704,-0.08420270932901242,-0.31094215877483544,0.6935664185306544,-1.0398777951044236
1763484756.17786,0.5709422701366043,-0.8850626172885584,0.6551752201800459,-0.5951183904074034,-0.08423295004344167,-0.28994422688115495,0.6935337585590708,-1.030034730729136
1763484756.3745959,0.591451038547195,-0.9258613122305607,0.7575779621820895,-0.6778302395626848,-0.16612692363489445,-0.24803107266787583,0.6119014387297812,-1.0498768485644985
1763484756.376135,0.591451038547195,-0.926804824348482,0.7575875900588005,-0.6757868391941658,-0.16613655151160545,-0.25101798515431617,0.6118910406229333,-1.05231381692564
1763484756.3774452,0.591451038547195,-0.9275581272287334,0.7575831339451515,-0.7094021160874566,-0.16613209539795648,-0.2181560111412768,0.6118958532256743,-1.0366361327993718
1763484756.378859,0.591451038547195,-0.9284114735282439,0.7575513953678726,-0.686993094932636,-0.16610035682067759,-0.24141837859560789,0.6119301308891356,-1.0491206628260479
1763484756.5797172,0.5986413659363584,-0.6146213036457426,0.7760863402826176,-0.7806054398259547,-0.17744497434625917,0.16598413618021202,0.5825071117015761,-0.5316292355556367
1763484756.5811799,0.5986413659363584,-0.6144039931031249,0.7767829572545722,-0.9083277057551409,-0.17814159131821383,0.293923712652016,0.5817547653718651,-0.4674421367771169
1763484756.582495,0.5986413659363584,-0.6142186602659256,0.7767665925671108,-0.9028460254513637,-0.17812522663075236,0.2886273651854381,0.5817724392343234,-0.4699049776732066
1763484756.5837748,0.5986413659363584,-0.614012063945524,0.7767639664980559,-0.9177375038932151,-0.17812260056169749,0.3037254399476911,0.5817752753889027,-0.46214934397167845
1763484756.784171,0.610865254139396,-0.5999793021045999,0.579353136374718,-0.8948594088857793,0.031512117764677994,0.2948801067811794,0.7895279059119158,-0.45253924871401024
1763484756.7858171,0.610865254139396,-0.5992907228583192,0.5793498442296507,-0.8861478096485134,0.03151540990974522,0.28685708679019417,0.7895314614285884,-0.4558621794632221
1763484756.7871149,0.610865254139396,-0.5986955301493622,0.5793290040108572,-0.915582870290598,0.03153625012853878,0.3168873401412359,0.7895539688648855,-0.44025186007874423
1763484756.7884161,0.610865254139396,-0.5981153401967186,0.5793950833231633,-0.9049188926712308,0.03147017081623271,0.3068035524745122,0.7894826032075949,-0.44471356395946254
1763484756.9869387,0.6269502061280336,-0.5666294151568583,0.5805324838243399,-0.7078361707501313,0.04641772230369379,0.141206755593273,0.7864829477982205,-0.49602603736022177
1763484756.9883976,0.6269502061280336,-0.5666689999490179,0.5805348376952847,-0.5049374184453227,0.04641536843274896,-0.061731581503695176,0.7864804056176,-0.5975347907008655
1763484756.9895682,0.6269502061280336,-0.5668924229208355,0.5799566176349674,-0.38545808496091044,0.04699358849306623,-0.18143433795992508,0.7871048832827426,-0.657609591900798
1763484756.9907508,0.6269502061280336,-0.5672545048713525,0.579356927231086,-0.3011451693522814,0.047593278896947644,-0.2661093355190711,0.7877525489189346,-0.7003091726308881
1763484757.191746,0.6361270389557644,-0.6411049649165448,0.7875155712168521,-0.2703005997643776,-0.15138853226108773,-0.3708043651521672,0.5435592067246637,-0.8265071474926284
1763484757.1933174,0.6361270389557644,-0.6421729727307642,0.789117923328229,-0.2974011989570149,-0.15299088437246466,-0.34477177377374935,0.5418286664443767,-0.814558859617639
1763484757.1946034,0.6361270389557644,-0.6432075152235702,0.7897838984509045,-0.20965688692202308,-0.15365685949514007,-0.4335506283015471,0.5411094133118872,-0.8599828293743438
1763484757.195896,0.6361270389557644,-0.6444311685410187,0.7904278080105366,-0.10840103688577171,-0.1543007690547722,-0.5360301316552469,0.5404139909874845,-0.9124462343686421
1763484757.3974452,0.6379827444645131,-0.7927418923993483,0.8804109383808653,-0.19398867121530483,-0.24242819391635217,-0.5987532211840435,0.4071572950975258,-1.09211850299137
1763484757.3990104,0.6379827444645131,-0.7945373481455894,0.8803751090419935,-0.20410592922559434,-0.24239236457748037,-0.5904314189199951,0.4071959907835074,-1.089753057605587
1763484757.4003308,0.6379827444645131,-0.7960875505048347,0.8803962132145677,-0.1862762342208984,-0.24241346875005465,-0.6098113162839363,0.4071731982771271,-1.1009932086468028
1763484757.4016137,0.6379827444645131,-0.7976177070062129,0.8803433165833752,-0.17476044526916246,-0.24236057211886208,-0.6228572617370505,0.4072303266388151,-1.1090463378747382
1763484757.60228,0.6224359084513539,-0.92595269253004,0.6722037454344192,-0.2261470180355711,-0.049767836983065306,-0.6998056744944688,0.5592359320938964,-1.2758555297772745
1763484757.6037304,0.6224359084513539,-0.9274089827473909,0.6707510694116872,-0.15486264174233758,-0.04831516096033328,-0.7725463410050534,0.5608048221984471,-1.3136821532499177
1763484757.6050403,0.6224359084513539,-0.9286564251808138,0.6694322700603494,-0.19800785532468626,-0.04699636160899556,-0.7306485698561276,0.5622291254978917,-1.2939807101088776
1763484757.606349,0.6224359084513539,-0.9297137052884592,0.6687324185017507,-0.31911137754002816,-0.04629651005039681,-0.610602327748431,0.5629849651811785,-1.2350148691626748
1763484757.8062162,0.609731952681575,-1.0555510962463746,0.4687550904541887,-0.29649789488147654,0.14097686222738626,-0.7590532013648981,0.7150051758461203,-1.4350776969288237
1763484757.807872,0.609731952681575,-1.0563182124484263,0.4679357369042931,-0.38935018210053307,0.1417962157772819,-0.6669680303478932,0.7158900776800076,-1.389802227622373
1763484757.8092406,0.609731952681575,-1.0568007387548386,0.46723298723620604,-0.48918267462367254,0.14249896544536894,-0.5676180641311661,0.7166490473215417,-1.3406097708204217
1763484757.8105671,0.609731952681575,-1.057084007312522,0.4665907170250225,-0.6146327589687864,0.1431412356565525,-0.4424512483437356,0.7173426991496198,-1.2783096314843898
1763484758.0109131,0.5904575704534274,-1.0072069307861182,0.36437867507803096,-0.7220434713917214,0.22607889537539644,-0.2851634593943968,0.7542443743107027,-1.1497886604833165
1763484758.0125184,0.5886413659363509,-1.0038118072193336,0.3652328868813382,-0.7944879798726425,0.22340847905501265,-0.20932382734669108,0.7359096914122937,-1.1084737208926791
1763484758.0138597,0.5886413659363509,-1.0033907142942093,0.36588157110115377,-0.9170007784568216,0.2227597948351971,-0.08638993583738774,0.7352091124548927,-1.0465856822129032
1763484758.0151567,0.5886413659363509,-1.0029909147170857,0.36588337819838,-0.9121493015655623,0.22275798773797084,-0.09084161315152339,0.7352071607898885,-1.0484117212928474
1763484758.016569,0.5886413659363509,-1.0026033346313639,0.36590189850716986,-0.8797901698683667,0.222739467429181,-0.1228131647629972,0.7351871588563955,-1.0640099170128625
1763484758.215879,0.5714510385471913,-0.9051741829982418,0.5684627364523452,-0.8712380493311781,0.002988302094846018,-0.03393613366706372,0.45878748191763424,-0.9221422498317737
1763484758.2174613,0.5714510385471913,-0.905210356648809,0.5700189762969093,-0.8787430947432662,0.001432062250281918,-0.026467261905542827,0.457106742885505,-0.9184439876015804
1763484758.2187588,0.5714510385471913,-0.9050791319415502,0.5706774654024485,-0.990795931203425,0.0007735731447428007,0.08571679926187481,0.45639557465152275,-0.8622207323106128
1763484758.2200463,0.5714510385471913,-0.9049384344840862,0.570694966277358,-0.9987791486720473,0.0007560722698332079,0.09384071418796114,0.4563766737066204,-0.8580180773901056
1763484758.4197397,0.5409422701365955,-0.8503088606182495,0.6721992742361234,-0.914872698192701,-0.1312570040995279,0.0645638375744515,0.27148326744027973,-0.8180269418310238
1763484758.421243,0.5409422701365955,-0.8506218969947899,0.6722029935773564,-0.880487132482145,-0.1312607234407609,0.0298652354873552,0.27147925055174804,-0.8356892792511122
1763484758.4225543,0.5409422701365955,-0.8506980482774316,0.6728896234532308,-1.0069747465784715,-0.13194735331663532,0.15627669830103996,0.2707376902858037,-0.7725596991269116
1763484758.4244497,0.5309422701365955,-0.9624281430204498,0.7100456631562714,-0.9721406885762331,-0.17910339301967593,0.00971254555578338,0.2090091674065198,-0.9575718702425581
1763484758.6253521,0.499330528596592,-0.9292869829862729,0.5046910757301318,-0.9994418089606193,-0.005360547133539839,0.07015482597434641,0.36769787303354284,-0.8942095699990997
1763484758.6267807,0.499330528596592,-0.9291957468943436,0.5032771286063706,-0.99777395436601,-0.003946600009778645,0.06857820747166643,0.36922493592720496,-0.8949066431585104
1763484758.6279657,0.499330528596592,-0.9290972279026234,0.5021194544858993,-1.0134178991190583,-0.0027889258893073476,0.08432067121643494,0.37047522397731397,-0.8869368922944059
1763484758.6291227,0.499330528596592,-0.9291498262917695,0.5015493841192626,-0.8881210696453842,-0.0022188555226706486,-0.04102875664638528,0.3710908999732816,-0.9496642046149621
1763484758.8301682,0.46947834862498283,-0.8655548123723447,0.29985839448427287,-0.8552282220924211,0.16961995414070996,-0.010326590279923553,0.5477034284638548,-0.8707181075123065
1763484758.8317692,0.46947834862498283,-0.8649562915495151,0.29824171169702246,-0.9032859768012214,0.17123663692796037,0.038329685251706214,0.5494494458740853,-0.845791448923662
1763484758.833137,0.46947834862498283,-0.8644490872912289,0.29685394941464094,-0.8966370518619513,0.1726243992103419,0.03218796457072237,0.5509482291390573,-0.8483551050058677
1763484758.834451,0.46947834862498283,-0.8639254819295565,0.2955303639272123,-0.9194596978596192,0.1739479846977705,0.05553421593006269,0.5523777014654802,-0.8361583739645252
1763484759.0349822,0.4548680898342608,-0.7301352671794858,0.5022202675893721,-0.9121056127376261,-0.0473521777551113,0.1819703455581403,0.34129693823335466,-0.6391500944004157
1763484759.0365527,0.4548680898342608,-0.7299275367353264,0.5038399540421458,-0.9236070760818306,-0.04897186420788496,0.19367953934650417,0.3395476768643591,-0.6330877670620743
1763484759.037852,0.4548680898342608,-0.72979004123941,0.5038510351718453,-0.9018175884121722,-0.04898294533758446,0.17202754717276214,0.33953570924428367,-0.643776267653029
1763484759.039125,0.4548680898342608,-0.7296711512298569,0.5038721821030525,-0.8903275620010667,-0.04900409226879171,0.16065641077120973,0.3395128705585798,-0.6493429458442521
1763484759.239717,0.43928646165572194,-0.6681279420920209,0.6978925660844888,-0.8913397319591717,-0.25860610442876686,0.22321178986715084,0.15927848288251747,-0.5565220471584454
1763484759.2411554,0.43928646165572194,-0.6683363738593064,0.6993423211533943,-0.9345459013019606,-0.2600558594976724,0.26620952744265414,0.15771274740809949,-0.5352316101379794
1763484759.2423513,0.43928646165572194,-0.6685622847164204,0.7005376762092408,-0.8993926731807399,-0.26125121455351885,0.23083038846431947,0.15642176394778531,-0.5531470904842607
1763484759.2435071,0.43928646165572194,-0.6687538868645592,0.7016848829863805,-0.9216184597141015,-0.2623984213306586,0.25286457284954234,0.1551827806284744,-0.5423216004397879
1763484759.4445715,0.4360527038523878,-0.629413398588164,0.50312416757267,-0.9147867956734763,-0.06707146372028217,0.2853733970853123,0.43800962852663017,-0.4867267000455079
1763484759.4461207,0.4360527038523878,-0.6291680531392818,0.5015947190117092,-0.8723009845439611,-0.06554201515932134,0.2431329314046793,0.43966143297246785,-0.5076015874369422
1763484759.4474478,0.4360527038523878,-0.6290641137427248,0.5009563829945548,-0.7945795979365446,-0.06490367914216699,0.1655154841938199,0.44035083587099455,-0.5463063716458147
1763484759.448732,0.4360527038523878,-0.6291422266294016,0.5002808325307101,-0.6631652642006373,-0.06422812867832228,0.034023037571235704,0.44108043037194683,-0.6121307078437837
1763484759.648981,0.44696176817672895,-0.5339232970557325,0.2724482691420512,-0.6858928205396333,0.17451349903467772,0.1519695234839008,0.7869714870975424,-0.4579385353137821
1763484759.6504345,0.44696176817672895,-0.5333139192835487,0.2710297488042084,-0.6822533467850563,0.17593201937252056,0.14893942750150768,0.7885034890624126,-0.4588442055327948
1763484759.6517212,0.44696176817672895,-0.5327036424156939,0.2697329855125565,-0.7271844352161151,0.17722878266417247,0.1944807928004212,0.7899039934173966,-0.4354632460154833
1763484759.6532903,0.44696176817672895,-0.532186830247569,0.2690118229485311,-0.6004545479794356,0.17794994522819785,0.06826771773186668,0.7906828489865441,-0.4980529713816356
1763484759.85534,0.47162479910385213,-0.4753144982169147,0.4668072983208869,-0.5932336710257456,0.004817500782965223,0.11791917280883096,0.6962740765977523,-0.4163549118124992
1763484759.856889,0.47162479910385213,-0.4751174991278561,0.46838602512644656,-0.5698919208293711,0.0032387739774055735,0.09477442170151501,0.6945690516477478,-0.4277302882770986
1763484759.8581998,0.47162479910385213,-0.4749221560003563,0.46971500200677263,-0.5888795003378885,0.001909797097079502,0.11395734433753218,0.6931337566169958,-0.4179434838315902
1763484759.8595498,0.47162479910385213,-0.47471567938265263,0.47105979981045776,-0.5930928058956404,0.0005649992933943748,0.11837712651298776,0.6916813749890159,-0.4155271161261588
1763484760.0603056,0.5077603082412078,-0.4359426496813034,0.6744256013656873,-0.6424498652894698,-0.16666529312447953,0.20650721560816637,0.5991637527692998,-0.33268904187722026
1763484760.0618892,0.5077603082412078,-0.4358872704411209,0.6760288333290547,-0.6032608969212853,-0.16826852508784695,0.16737362648016435,0.5974322622488629,-0.35220045720103876
1763484760.063191,0.5077603082412078,-0.43583597656596335,0.6773309918766492,-0.6080054675871782,-0.16957068363544148,0.17216949102121487,0.5960259310174609,-0.3497512310553559
1763484760.0645165,0.5077603082412078,-0.43581182056274764,0.6786420233492654,-0.5921549209428666,-0.1708817151080576,0.15634310038011895,0.5946100170270354,-0.3576402703726882
1763484760.2648134,0.5421280760780399,-0.42644926222006585,0.8745898201976466,-0.5986718357400104,-0.3324617441196067,0.17222257351994452,0.4879702868740245,-0.3403379754600936
1763484760.2661765,0.5421280760780399,-0.42658349115430866,0.8760116002657596,-0.6092031404677951,-0.3338835241877197,0.18261964931348645,0.48643476440046246,-0.3352736664975654
1763484760.2673342,0.5421280760780399,-0.42675737655390134,0.8771408500826807,-0.571144008912171,-0.3350127740046408,0.14438663235826965,0.4852151745981877,-0.3545640603747665
1763484760.2684855,0.5421280760780399,-0.4268921770966554,0.8782879789315609,-0.5976737340479973,-0.33615990285352093,0.1707815569513419,0.48397627544139715,-0.34150139862098444
1763484760.2696302,0.5421280760780399,-0.4269824216138428,0.8782695535161354,-0.6279934751208257,-0.3361414774380955,0.2010110535069829,0.4839961748900566,-0.32647689486035136
1763484760.4713073,0.5813868595681538,-0.43399145793216,0.680497796941432,-0.6102283432447445,-0.09911093737327814,0.17623688531258452,0.7963658387004325,-0.3458730152758677
1763484760.4728658,0.5813868595681538,-0.43399539999398323,0.679695700636552,-0.5024821070299871,-0.09830884106839821,0.06848670703600385,0.7972321027097028,-0.3997520464759813
1763484760.4741614,0.5813868595681538,-0.43382429658302146,0.6790177300231552,-0.595759470161064,-0.0976308704550014,0.16193517357804255,0.7979643109721714,-0.3528567097940002
1763484760.4754684,0.5813868595681538,-0.4336527898708795,0.6789849148587583,-0.5943513295735622,-0.0975980552906045,0.16069853970268266,0.79799975134972,-0.3533035200195382
1763484760.6758232,0.642544395215306,-0.14419637238812477,0.4126627975573193,-0.5444686336260093,0.2298815976579867,0.4002722612378845,1.217466615112763,0.05593975823081748
1763484760.6773283,0.642544395215306,-0.14314807080782044,0.4111475287037896,-0.5631214357879313,0.23139686651151642,0.41997336498011084,1.2191031054745753,0.06683861168223498
1763484760.678648,0.642544395215306,-0.1421759808723815,0.4111321669511471,-0.589136409558183,0.23141222826415891,0.44696042868580155,1.219119696167429,0.08130423347051927
1763484760.6799464,0.642544395215306,-0.1410099280248757,0.41048442952731,-0.6980967412040425,0.23205996568799603,0.5570868131791669,1.2198192525851732,0.13753347856470774
1763484760.8769047,0.7030833004739472,0.040820824655307196,0.6079579517628981,-0.7449590621127974,0.09512534871104905,0.7857798867681046,1.1253237929168731,0.4337107680393595
1763484760.8777106,0.7030833004739472,0.04178267968553492,0.6087755516573206,-0.7028656767066644,0.09430774881662662,0.7446483563921994,1.1244407850308968,0.4141068578816346
1763484760.878275,0.7030833004739472,0.04242099336092131,0.6093423484977434,-0.6628341736414904,0.0937409519762038,0.7052551670024118,1.1238286444432404,0.3950485768621272
1763484760.8789322,0.7030833004739472,0.0432204199413263,0.6099985685547791,-0.7148411707645229,0.0930847319191681,0.7580615907058492,1.1231199267816416,0.4222512152942509
1763484761.0829608,0.7509369435725579,0.2309936007819443,0.8125873707092328,-0.6959217258476532,-0.0616504271366749,0.9269153266295975,0.9861481816990075,0.6944512640967431
1763484761.0845366,0.7509369435725579,0.2334615961996093,0.8142076936006132,-0.7150723585833744,-0.06327075002805527,0.9485339547829836,0.9843982329763168,0.7077285735911011
1763484761.0858319,0.7509369435725579,0.23541512703199277,0.8155097646667695,-0.6750338163417164,-0.06457282109421159,0.9104489433737092,0.982991996224868,0.6906395987188474
1763484761.087135,0.7509369435725579,0.237472816280793,0.8168048876747462,-0.7153431164330953,-0.06586794410218832,0.9528159327138883,0.9815932633762531,0.7138807826377371
1763484761.2878642,0.784424818469109,0.46909782670774686,1.0204230586519683,-0.6866333365537848,-0.2359982401828592,1.1557311632615317,0.8047580303418272,1.0469634083385126
1763484761.2894416,0.784424818469109,0.47227380546713654,1.021234626730339,-0.6267781544698141,-0.23680980826122988,1.0990519599369506,0.8038815368171869,1.0217997854356118
1763484761.2907693,0.784424818469109,0.47491386275038405,1.0212130522267036,-0.6055274846204912,-0.2367882337575945,1.0804413473708752,0.8039048372811131,1.0151345364358217
1763484761.292059,0.784424818469109,0.41671139626564885,1.0212116180977044,-0.5957215191417886,-0.2367867996285954,1.0124329154074374,0.8039063861404321,0.9229278539693675
1763484761.4924507,0.8221919639161935,0.6601515850913506,0.922785033929273,-0.5255233488498904,-0.10059307001307949,1.185674933941241,0.9563655660437952,1.252989052061971
1763484761.4939375,0.8121919639161934,0.6546958673957702,0.9220339202552184,-0.40789036261987993,-0.10984195633902494,1.0625862300156501,0.935576768811774,1.1859889824035954
1763484761.495175,0.8121919639161934,0.6566372906131207,0.921412843859898,-0.2970822119231279,-0.10922087994370455,0.9537195025362486,0.93624753131872,1.133497041881245
1763484761.4963555,0.8121919639161934,0.6583950445523202,0.9207907017267338,-0.24134442817240637,-0.10859873781054041,0.8997394727247265,0.9369194448225373,1.1082647809146835
1763484761.6967623,0.8431638915313513,0.801971610651489,0.721233697787425,-0.16736133868293268,0.12193019374392633,0.9693329493344217,1.1791482990786686,1.2866380853186998
1763484761.6986945,0.8231638915313514,0.8051124756575605,0.8089225317125125,-0.12017476855564214,0.014241359818838895,0.9252872442132026,1.0412443584395743,1.2677560977641618
1763484761.7000077,0.8231638915313514,0.8065669549532132,0.8082685333498797,0.023193996206029768,0.014895358181471696,0.7833729587471834,1.0419506766712177,1.198253434326805
1763484761.701318,0.8231638915313514,0.8078762882085877,0.8075928211742528,0.10019883044724866,0.015571070357098593,0.7076774577613391,1.0426804458208947,1.1617150170892572
1763484761.9020798,0.8465163738565371,0.7971704666934302,0.8051816827895562,0.2965050233882632,0.041334691066980955,0.5006654433051669,1.0520287840621605,1.0475031883460137
1763484761.903644,0.8465163738565371,0.797892229694999,0.8059714595728603,0.44549718262301485,0.04054491428367679,0.3523950470719841,1.051175825136192,0.974089753230991
1763484761.904943,0.8465163738565371,0.7982412213328102,0.8059213795325608,0.580354404840769,0.040594994323976286,0.21788681649204122,1.0512299115797155,0.9071846295788308
1763484761.9064622,0.8465163738565371,0.7984087537516272,0.8066706863898854,0.690228756017975,0.039845687466651736,0.10817999773365228,1.0504206601738049,0.8524987526184533
1763484762.1068811,1.2816564631267893,0.7014487434185467,1.0116258293012166,0.6667021345944528,0.2700306338255727,0.03474660882409386,1.722969069364664,0.7188220478305936
1763484762.1084642,1.2816564631267893,0.7008354128702552,1.0124212872818328,0.776000458493694,0.2692351758449565,-0.07516504562343884,1.7221099747455983,0.6632528900585357
1763484762.109764,1.2816564631267893,0.7000011204460937,1.0130813403309316,0.9172999924291736,0.2685751227958577,-0.21729887198307984,1.7213971174525717,0.5913516844545539
1763484762.1110387,1.2816564631267893,0.6990007465453173,1.0137331145108963,0.996095578590989,0.26792334861589295,-0.29709483204567166,1.7206932013382097,0.5504533305224815
1763484762.3118525,1.2882112635076135,0.3714484272300232,1.1132871700243148,1.1234266518004736,0.17492409348329874,-0.7519782245704505,1.580186185550304,-0.004540685055202054
1763484762.3134494,1.2882112635076246,0.36944603735672243,1.1141090688255737,0.9896435823842158,0.1741021946820509,-0.6201975450274934,1.5556536953877023,0.059347264842975755
1763484762.3147416,1.2882112635076246,0.36777927007988875,1.1140907734389884,1.0062164268466598,0.17412049006863617,-0.638437156766771,1.5556734544052144,0.04856069169650323
1763484762.3160524,1.2882112635076246,0.36614747124224706,1.1140924052582604,0.9802021989093253,0.17411885824936424,-0.6140547276670782,1.5556716920404008,0.059120107408707934
1763484762.3173573,1.2882112635076246,0.36418482377185696,1.1147503443087894,1.1143488568651407,0.17346091919883522,-0.7501640330932837,1.5549611178658294,-0.010897192774784903
1763484762.516133,0.8716564631268123,0.02449483651321997,1.323459183631635,1.1028865131879908,-0.4518027205048226,-1.0783916766747708,0.38307871185754216,-0.5147010018241654
1763484762.5264058,0.8716564631268123,0.0062426126609893525,1.3336949421591575,1.1014612240312796,-0.4620384790323452,-1.0952186113702902,0.3720240926478178,-0.5413666930241557
1763484762.5276508,0.8716564631268123,0.003949635477726114,1.3348936283708264,1.1104607793300096,-0.46323716524401404,-1.1065111438522834,0.37072951153921546,-0.5493059364484156
1763484762.5290606,0.8716564631268123,0.0013608936994740977,1.33636459179163,1.1017427090328462,-0.4647081286648177,-1.1003818153333722,0.36914087104474747,-0.548830013967212
1763484762.7209268,0.8265163738565279,-0.34814673680927394,1.614835548132448,1.108014596067112,-0.78831917427592,-1.4561613328763858,-0.07410714658338365,-1.0762274032474668
1763484762.7223167,0.8265163738565279,-0.35227121259946714,1.6162235367095839,1.118520038199035,-0.789707162853056,-1.4707912507985021,-0.07560617424669047,-1.0876668379987182
1763484762.723663,0.8265163738565279,-0.35626677460118017,1.6175913484783713,1.1069833054482012,-0.7910749746218434,-1.4632500800493813,-0.07708341095698089,-1.0878918146258707
1763484762.725201,0.8265163738565279,-0.3608275458484882,1.6191802370816937,1.0936292378720034,-0.7926638632251658,-1.4544567837204916,-0.07879941064856907,-1.088055937708734
1763484762.9266567,0.783163891531351,-0.502394873671992,1.4162854960528317,1.0948231376639055,-0.6331216045214807,-1.5972180113358974,0.004587612355395255,-1.3010038793399405
1763484762.928229,0.783163891531351,-0.5074229506243081,1.414664395063352,1.1092124097616922,-0.6315005035320009,-1.6166353603860002,0.006338401424033399,-1.315740630817308
1763484762.92958,0.783163891531351,-0.5116912666559148,1.4132569894488822,1.0749046402619777,-0.6300930979175312,-1.5865959069178925,0.007858399487660702,-1.304989220114861
1763484762.9309309,0.783163891531351,-0.5160783668520668,1.4119016680286833,1.1208330231070833,-0.6287377764973323,-1.63691138995915,0.00932214662147551,-1.3345340618316417
1763484763.1309173,0.7421919639161674,-0.09631997126518119,1.210103958223012,1.1234457274355965,-0.4679119943068446,-1.2197656987007777,0.10079452214269373,-0.70620282061557
1763484763.1324146,0.7421919639161674,-0.09937151625548848,1.2086051415375547,1.1077094881577982,-0.46641317762138734,-1.2070810044132867,0.10241324416298757,-0.7029120184621318
1763484763.133655,0.7421919639161674,-0.10188275793178922,1.2073504042334489,1.092578325010241,-0.4651584403172815,-1.1944610829420301,0.10376836045142189,-0.6991132994028043
1763484763.1348555,0.7421919639161674,-0.10443515220628896,1.2061113373109538,1.1495588489908184,-0.4639193733947864,-1.2539940011971074,0.1051065527277166,-0.7314321528048426
1763484763.2991176,0.7040967930795585,0.11583574233156646,1.0388354595680762,1.0738539080693932,-0.3347386664885177,-0.9580181657378267,0.18644945092531942,-0.3631733405373469
1763484763.3007882,0.7040967930795585,0.11333948985603869,1.0371697693877855,1.0966089095447467,-0.33307297630822696,-0.983269419688708,0.1882483963200334,-0.3782952199883153
1763484763.3021457,0.7040967930795585,0.11129129761735758,1.0357384844824449,1.0999549424413828,-0.33164169140288635,-0.9886636448240252,0.18979418401780127,-0.38304052479465506
1763484763.3178904,0.6844248184690951,0.08441743920268038,1.0198245303714923,1.1066732070586915,-0.33539971190239726,-1.0222557678560111,0.1489968101578301,-0.42671044472532516
1763484763.5406172,0.4809369435725621,0.5627214049959216,0.7978523253188519,1.101094278977737,-0.31691538174628975,-0.5383728739818153,-0.07641760689544605,0.29353496800501394
1763484763.542281,0.4809369435725621,0.562988945744355,0.796190329600301,1.0758551175790292,-0.3152533860277389,-0.5128661718346742,-0.07462265151941112,0.3065558598270179
1763484763.543576,0.4809369435725621,0.5632257592700717,0.7948248292140542,1.093645202733312,-0.31388788564149206,-0.5304194434632402,-0.07314791110226454,0.2980160375384516
1763484763.5448365,0.4809369435725621,0.5634400882374783,0.7935802836729569,1.0816709351583276,-0.31264334010039474,-0.5182308469208493,-0.07180380191787944,0.3043246647770536
1763484763.748243,0.4030833004739333,0.4258705958188922,0.5859303980707703,1.092768494327476,-0.18284709759683698,-0.6668978985085838,-0.03271853487627779,0.09242164656460028
1763484763.7500536,0.41308330047393343,0.39097927151562556,0.5135954218735762,1.1261633859493385,-0.10051212139964277,-0.735184114433713,0.0670032394166921,0.023387214298769055
1763484763.7511475,0.41308330047393343,0.391564369371654,0.5130349892663357,0.9779565555964106,-0.0999516887924023,-0.5863921862247565,0.06760850663251182,0.09836827625927574
1763484763.752538,0.41308330047393343,0.39216545982967066,0.5123446836490095,0.8852789670605168,-0.0992613831750761,-0.4931135072308461,0.0683540366992241,0.1456087062142476
1763484763.956239,0.36254439521529885,0.29272603338723063,0.31527942064276526,0.8892132665318848,0.04726497457253359,-0.5964872331446542,0.16560057711153683,-0.005517583185096486
1763484763.9577918,0.36254439521529885,0.29362583186643465,0.3137534084612116,0.9081885660752924,0.04879098675408727,-0.6145627342088578,0.1672486702676148,-0.013655535237994232
1763484763.9590611,0.36254439521529885,0.2943444220367028,0.3125066118628717,0.8933482980816373,0.050037783352427145,-0.5990038760449345,0.16859521059382188,-0.0051575159857644715
1763484763.96034,0.35254439521529873,0.2869501398316209,0.31122396258930185,0.9119930541916824,0.041320432625996883,-0.6250429143600615,0.14838047180927708,-0.025571317348409894
1763484764.155996,0.31138685956817497,0.246034870789562,0.11381456946258446,0.9136686407737603,0.19757229010559052,-0.6676337699841983,0.27921166831298544,-0.08778201420253717
1763484764.1575098,0.31138685956817497,0.2467892849831618,0.11305783305412352,0.7778858868526342,0.19832902651405143,-0.5310966018694724,0.2800289436341232,-0.018759015951574393
1763484764.158837,0.31138685956817497,0.2474034977189132,0.11235649987091652,0.7291023773619874,0.19903035969725846,-0.4816988796430741,0.2807863834719868,0.006554057897376148
1763484764.1603491,0.31138685956817497,0.24799935430182785,0.1116318796077585,0.6349188043813552,0.19975497996041647,-0.3869194500795273,0.28156897335619735,0.05453962926206418
1763484764.1616259,0.31138685956817497,0.24839999274323013,0.11101758661265063,0.524692887628698,0.20036927295552434,-0.27629289488546793,0.28223240979091396,0.11025354530049616
1763484764.35146,0.2821280760780487,0.16450099904081522,0.1130789302460396,0.3080097254225254,0.16904914583200908,-0.1435087263817102,0.23888064346813895,0.09274663584996012
1763484764.3529863,0.2821280760780487,0.16452201657218737,0.11304557242051312,0.09184095046121299,0.16908250365753558,0.07268106611097438,0.23891666991970756,0.20086254962767458
1763484764.3542678,0.2821280760780487,0.16447312825183463,0.11238548200641557,0.014551256364802076,0.1697425940716331,0.14992187188703254,0.2396295675669329,0.2394340641953509
1763484764.3557265,0.2821280760780487,0.164430904019652,0.11233549664848964,0.02783507840033543,0.16979257942955905,0.13659582561931655,0.23968355175349293,0.23272881682931026
1763484764.5650303,0.24776030824121692,0.06407373494327714,0.3220431764304056,-0.0023492277672383464,-0.07428286818918867,0.0664229627105155,-0.021191470707541835,0.0972852162985349
1763484764.566585,0.24776030824121692,0.06388301267032422,0.3227907156542809,-0.11795995026595611,-0.075030407413064,0.18184296293628033,-0.021998813069327185,0.15480449413846437
1763484764.5678444,0.24776030824121692,0.06373456867341058,0.32281399682646666,-0.1100219781754397,-0.07505368858524974,0.17375654684885028,-0.022023956735287797,0.1506128420978357
1763484764.7702785,0.22162479910386373,-0.014522991006157563,0.32244365068016406,-0.1004409515238925,-0.10081885157630033,0.08591796051773494,-0.02011211217403052,0.028435989252709907
1763484764.7719285,0.24162479910386403,-0.12948689279627615,0.22682308150373434,-0.05613320995373524,0.014801717600129688,-0.0733536828425409,0.12635810253651425,-0.1661637342175466
1763484764.773092,0.24162479910386403,-0.12937985843318853,0.2267965811537131,0.03455040395992123,0.014828217950150935,-0.16393026239310976,0.12638672291453718,-0.2113449896297434
1763484764.7744818,0.24162479910386403,-0.12927569743600265,0.22677939682193515,0.006877423610797621,0.014845402281928877,-0.13615312104680027,0.12640528199285736,-0.19735225795940278
1763484764.7756357,0.24162479910386403,-0.1291545233187833,0.2273520086674517,0.056143972650357254,0.01427279043641233,-0.18529849596914055,0.12578686119969948,-0.22180377130335358
1763484764.9750533,0.22696176817672103,-0.15406268032725917,0.029356998436630782,0.12837315266828406,0.19760476974009025,-0.2824358329955432,0.3802238554313521,-0.29528059682503077
1763484764.9766216,0.22696176817672103,-0.15396402341884685,0.027790335592650914,0.10373671349147065,0.1991714325840701,-0.2577007369103175,0.38191585130285033,-0.2828143918740056
1763484764.9778917,0.22696176817672103,-0.15389838919168258,0.026513403218487087,0.08378177913298596,0.20044836495823395,-0.23768016832466854,0.3832949382669473,-0.27273847335401685
1763484764.979069,0.22696176817672103,-0.15381268755344407,0.02534901718189842,0.12420678579933067,0.20161275099482262,-0.27801947335277477,0.38455247518646307,-0.29282242422983146
1763484765.178964,0.23605270385237734,-0.21493705549055428,0.11866389713331237,0.015356080257604064,0.11738880671906497,-0.23029313574815835,0.380785112770769,-0.3300836233646335
1763484765.1803124,0.23605270385237734,-0.21493730398348806,0.1193515760675113,-0.10254470673132926,0.11670112778486603,-0.1123925972521588,0.3800424195218342,-0.2711336026095675
1763484765.1813595,0.23605270385237734,-0.2149864310391872,0.11987812312052284,-0.19002287936556383,0.1161745807318545,-0.024963551673623352,0.37947374870458167,-0.22746820687599886
1763484765.1823862,0.23605270385237734,-0.21504860658758282,0.11990738715747147,-0.2159132096154005,0.11614531669490587,0.0008646030278176842,0.3794421435446772,-0.21461630507367396
1763484765.3856852,0.24928646165570548,-0.29366414127867785,0.3262899915931533,-0.17735847140227898,-0.07700352993744783,-0.11630566987639887,0.2555269037721703,-0.3518169762168773
1763484765.3870804,0.24928646165570548,-0.29354282260744174,0.3276777139651279,-0.2146717006767248,-0.07839125230942243,-0.07887112193071694,0.25402816361043773,-0.3329783835728002
1763484765.3882341,0.24928646165570548,-0.2934447241324459,0.32886412313109614,-0.21971600120113902,-0.07957766147539067,-0.07372872293130686,0.25274684171119205,-0.3303090855980993
1763484765.3893874,0.24928646165570548,-0.29333899925033446,0.32998623045589814,-0.20838152339688248,-0.08069976880019267,-0.08495747585345198,0.25153496580040585,-0.3358177371770604
1763484765.5886602,0.27486808983425814,-0.365198007258724,0.5307367361924213,-0.2023468211760614,-0.2558686463581632,-0.16285118608266258,0.1437874553710386,-0.44662360030005527
1763484765.5901895,0.27486808983425814,-0.36471415186247735,0.5314731133892777,-0.10259763130928659,-0.2566050235550196,-0.2621165205531908,0.1429921679984337,-0.49577241213907275
1763484765.5914853,0.27486808983425814,-0.3643000002533003,0.5314703557855153,-0.09638575797159205,-0.2566022659512571,-0.26791424228170824,0.14299514621049716,-0.4982571213941544
1763484765.5927122,0.27486808983425814,-0.36391474312502786,0.5314540381746099,-0.10591185478262709,-0.25658594834035175,-0.25800288834240076,0.14301276923027495,-0.4929161872962282
1763484765.8952427,0.8739796298052469,-0.9531765811754452,0.283284405934096,-0.10764777892432416,0.5906952238711509,-0.845528802251121,1.7476385489169897,-1.3759409823010058
1763484765.896561,0.8739796298052469,-0.9527678669043996,0.28202444298558593,-0.08270615946793586,0.591955186819661,-0.8700617074364638,1.7489993089013807,-1.3877987206226314
1763484765.8976445,0.8739796298052469,-0.9524424171366831,0.2820146346671732,-0.08808485291603398,0.5919649951380737,-0.8643575642206491,1.7490099018852663,-1.3846211992470077
1763484765.8989396,0.8739796298052469,-0.9519887803464466,0.2820057419014621,-0.052328425934243125,0.5919738879037848,-0.8996603544122035,1.7490195060722342,-1.4018189575525484
1763484765.9778993,0.8893305285965878,-1.0250394718589326,0.20581906851250414,-0.0985344818416106,0.6835114600840837,-0.926504990017322,1.8690993365274466,-1.4882919668675936
1763484765.9793484,0.8893305285965878,-1.0250097644256846,0.2051171864186518,-0.21731923219830537,0.684213342177936,-0.8076905322273792,1.8698573691888072,-1.4288550305393741
1763484765.9804797,0.8893305285965878,-1.0251103180107421,0.20451723308650566,-0.2940163702932659,0.6848132955100821,-0.7310939477174763,1.870505318787525,-1.3906572918694802
1763484766.2033744,0.9209422701366099,-3.5008643777046666,0.0928113990906631,-0.36996045624493407,0.8281308710459467,-3.1309039214597325,2.0568866853354826,-5.066316338434532
1763484766.204917,0.9209422701366099,-3.500873179840388,0.0928205380906075,-0.370961865744548,0.8281217320460024,-3.12991131409584,2.056876815215543,-5.065828836888308
1763484766.2062168,0.9209422701366099,-3.5008870438156876,0.09279775987060854,-0.39092168607281497,0.8281445102660013,-3.1099653577428725,2.0569014156931416,-5.055869722687124
1763484766.2457616,0.936487426882751,-3.5604585937249644,0.1309768413950555,-0.4212247996947435,0.8055105854876955,-3.139233794030221,2.0429648593361667,-5.130075490740075
1763484766.2473307,0.936487426882751,-3.560418533856213,0.13256094287977638,-0.37621277144972715,0.8039264840029746,-3.184205762406486,2.0412540297326682,-5.152521415059455
1763484766.2486186,0.936487426882751,-3.560391501986269,0.13386785454960204,-0.4026959387822401,0.802619572333149,-3.157695563204029,2.039842565129256,-5.139239283588283
1763484766.509584,0.9655761676790766,-3.6542225351176,0.396420136506328,-0.40148190431907693,0.5691560311727486,-3.252740630798523,1.7986149159387173,-5.280592850516861
1763484766.5109055,0.9655761676790766,-3.6541112605594197,0.3977123720431167,-0.39156095598288676,0.5678637956359599,-3.262550304576533,1.7972193015589857,-5.285386412847686
1763484766.5121171,0.9655761676790766,-3.654006471566587,0.39888596129754555,-0.3895040692421768,0.5666902063815311,-3.26450240232441,1.7959518251642024,-5.286257672728792
1763484766.5457795,0.9786413659363681,-3.6990068653339656,0.431835062695304,-0.3866281914477387,0.5468063032410642,-3.312378673886227,1.7750984914956738,-5.355196202277079
1763484766.547327,0.9786413659363681,-3.6987648609017003,0.4334142136066077,-0.3871036223903548,0.5452271523297604,-3.3116612385113458,1.7733930085114658,-5.354595480157373
1763484766.548632,0.9786413659363681,-3.698557934210537,0.4346733451774207,-0.396249083151416,0.5439680207589475,-3.302308851059121,1.7720331464149877,-5.3497123597400975
1763484766.8174973,1.0097319526815811,-3.663542774763959,0.7103326023174417,-0.39382603702261937,0.29939935036413945,-3.2697167377413394,1.4918189445109484,-5.298401143634629
1763484766.8190086,1.0097319526815811,-3.6617824565659567,0.7118371667357566,-0.37855947539201035,0.2978947859458245,-3.2832229811739464,1.4901940149391681,-5.30339394715293
1763484766.8206635,1.0097319526815811,-3.4295543407071305,0.7428585734115822,-0.40366086243953786,0.2668733792699989,-3.0258934782675926,1.4566908957292766,-4.942501079840927
1763484766.821943,1.0097319526815811,-3.4272405248689326,0.744130904942892,-0.4013362058720168,0.2656010477386891,-3.0259043189969157,1.455316777675462,-4.940192684367391
1763484766.89587,1.0097319526815811,-3.2920367296993254,0.7435795487622167,-0.5834513642594431,0.26615240391936446,-2.708585365439882,1.4559122423505915,-4.6463294124192664
1763484766.897433,1.0097319526815811,-3.289524821281428,0.7435919611789645,-0.7985948876630764,0.2661399915026166,-2.4909299336183515,1.4558988369405037,-4.534989788090604
1763484766.8987257,1.0097319526815811,-3.2877299086578935,0.743560933040491,-1.018993194309604,0.26617101964109013,-2.2687367143482895,1.455932347330055,-4.422098265832038
1763484767.1245604,1.0261270389557533,-3.0226615717698335,0.7379998196781021,-1.246868247650512,0.28812721927765117,-1.7757933241193216,1.4394362183867317,-3.9105582338294944
1763484767.1259475,1.0261270389557533,-3.021840346077902,0.7379850089181738,-1.4277403234236037,0.28814203003757954,-1.5941000226542983,1.4394522140074542,-3.818890357405051
1763484767.1270902,1.0261270389557533,-3.021329702958983,0.737983614172016,-1.60808326318986,0.28814342478373733,-1.4132464397691231,1.4394537203333047,-3.727952922843545
1763484767.1946132,1.0261270389557533,-2.9915360535518793,0.7381861425391244,-1.795136494133996,0.2879408964166289,-1.1963995594178833,1.4392349896968277,-3.589735833260821
