timestamp,error_x,error_y,error_l2,cumulative_l2_error,sample_count,avg_sample_error_mm
1763485870.1866841,1.2246467991473532e-16,0.0,1.2246467991473532e-16,1.2246467991473532e-16,1,1.2246467991473532e-13
1763485870.188433,0.0010988033998998274,3.0184234178776137e-07,0.0010988034413580163,0.0010988034413581388,2,0.5494017206790694
1763485870.189901,0.00202129973327854,1.0214022100804102e-06,0.0020212999913457605,0.0031201034327038996,3,1.0400344775679664
1763485870.191217,0.002848092823592503,2.0278484191011775e-06,0.002848093545508702,0.0059681969782126015,4,1.4920492445531504
1763485870.1925025,0.0036559126308687026,3.341193218344642e-06,0.003655914157651604,0.009624111135864206,5,1.9248222271728415
1763485870.3921208,0.12873540372426273,0.00416394583407243,0.12880272752142327,0.13842683865728747,6,23.07113977621458
1763485870.3945625,0.13026324848321624,0.004263477621521965,0.1303330009891177,0.26875983964640515,7,38.394262806629314
1763485870.39593,0.13111882335227865,0.0043197385834855394,0.13118996142508657,0.3999498010714917,8,49.993725133936465
1763485870.397242,0.13193958194233749,0.004374060428546575,0.13201206644754623,0.531961867519038,9,59.10687416878199
1763485870.5959995,0.25490520689872526,0.016512732122500023,0.25543949347395634,0.7874013609929943,10,78.74013609929943
1763485870.5975692,0.25556308045672665,0.016641554994526533,0.2561043331245436,1.0435056941175378,11,94.86415401068525
1763485870.5988605,0.2561020841673202,0.01674790461966544,0.2566491181048448,1.3001548122223827,12,108.34623435186523
1763485870.600153,0.25663963323076244,0.016854689532881818,0.25719249970415176,1.5573473119265344,13,119.79594707127188
1763485870.8009567,0.3375215748967279,0.03740775732361501,0.3395882121463435,1.896935524072878,14,135.49539457663414
1763485870.8024967,0.3378168332019501,0.037599134905382414,0.3399027916040516,2.2368383156769296,15,149.12255437846198
1763485870.8037717,0.33805916719193974,0.03775797751391109,0.3401612343998782,2.576999550076808,16,161.06247187980048
1763485870.8049476,0.3382816734787073,0.03790469940519805,0.3403986733942322,2.9173982234710403,17,171.61166020417883
1763485871.0057836,0.37282444965073547,0.06685225821017773,0.37877076799190046,3.296168991462941,18,183.12049952571894
1763485871.007384,0.37274938560902254,0.06707771616744028,0.3787367482541712,3.674905739717112,19,193.41609156405852
1763485871.0086784,0.37268627536813037,0.06726007787088803,0.37870698161371125,4.053612721330823,20,202.68063606654113
1763485871.0105803,0.43053425838247994,0.11244434572155781,0.4449758179111548,4.498588539241978,21,214.2185018686656
1763485871.2125406,0.4177227134245013,0.14486963222674934,0.4421306092686206,4.940719148510599,22,224.57814311411815
1763485871.214077,0.41745346738571404,0.14507622279086935,0.4419440098605494,5.382663158371148,23,234.02883297265862
1763485871.215439,0.4172133489603526,0.14525912204314356,0.44177730938500887,5.824440467756157,24,242.6850194898399
1763485871.2167847,0.4169748284707615,0.14543944368236908,0.441611412167822,6.266051879923979,25,250.64207519695913
1763485871.417148,0.3762643494412591,0.17591168837780408,0.41535500811761444,6.681406888041593,26,256.97718800159976
1763485871.4186468,0.3760823971609015,0.17607147768366965,0.4152579134802864,7.09666480152188,27,262.839437093403
1763485871.4198568,0.37593608121718575,0.1762000958667585,0.4151799741610731,7.5118447756829525,28,268.28017056010543
1763485871.4210358,0.3757939948356386,0.17632511046778693,0.415104409921173,7.926949185604125,29,273.3430753656595
1763485871.6225777,0.34565400088283266,0.2012748089506214,0.3999852960352648,8.326934481639391,30,277.564482721313
1763485871.6241484,0.3457120289438154,0.2014622505008973,0.4001297856112886,8.727064267250679,31,281.5182021693767
1763485871.6269882,0.34581959590091593,0.20180256140430627,0.40039413919088723,9.127458406441566,32,285.2330752012989
1763485871.628767,0.34588886553641535,0.20201610523199945,0.4005616233180292,9.528020029759595,33,288.7278796896847
1763485871.8265777,0.3474602953225935,0.22920896357538503,0.4162516135812161,9.944271643340812,34,292.478577745318
1763485871.8282084,0.34758029967719384,0.2294728507067467,0.4164971235616985,10.360768766902511,35,296.02196476864316
1763485871.8294578,0.34767260793297416,0.22967553676948774,0.4166858462886253,10.777454613191138,36,299.3737392553094
1763485871.8306732,0.34776204564070934,0.22987279257490645,0.4168692134883515,11.194323826679488,37,302.54929261295916
1763485872.0297585,0.3555112328900819,0.2655337178716429,0.4437300891733209,11.63805391585281,38,306.2645767329687
1763485872.0313516,0.35528922973903676,0.26561880359139717,0.4436031848283816,12.081657100681191,39,309.78607950464595
1763485872.0327072,0.35509902681632144,0.2656905888624318,0.4434938645076889,12.52515096518888,40,313.128774129722
1763485872.0344543,0.31435556435938594,0.23874754916663146,0.39474018426907226,12.919891149457952,41,315.1192963282427
1763485872.233622,0.2753886190676812,0.24969614319183742,0.3717351953163474,13.291626344774299,42,316.4672939231976
1763485872.2351284,0.27506350391272105,0.249772921807086,0.37154601821684513,13.663172362991144,43,317.7481944881662
1763485872.2364128,0.2747842893156278,0.24983716463825398,0.3713825716012757,14.03455493459242,44,318.96715760437314
1763485872.2379417,0.2744504625094526,0.249913178498084,0.3711868170593719,14.40574175165179,45,320.12759448115094
1763485872.4393907,0.22265239861627872,0.2630813642848014,0.3446532965801062,14.750395048231896,46,320.6607619180847
1763485872.4409287,0.22221786268665333,0.2631871278488779,0.3444535422409906,15.094848590472887,47,321.16699128665715
1763485872.4422908,0.22183402191853396,0.26328238795761527,0.344278882723319,15.439127473196207,48,321.648489024921
1763485872.4434462,0.22150915646367098,0.2633643566813523,0.34413237390200535,15.783259847098211,49,322.10734381833083
1763485872.443964,0.22136367049638472,0.2634012823694749,0.344067014067777,16.127326861165987,50,322.5465372233197
1763485872.6441162,0.15731083284911895,0.28064864012527246,0.32173025554934703,16.449057116715334,51,322.5305317003007
1763485872.6457195,0.15668220872402616,0.28064590270689105,0.3214209657704442,16.770478082485777,52,322.5091938939573
1763485872.647038,0.15616431162142097,0.28064266174345043,0.3211659941753501,17.091644076661126,53,322.4838505030401
1763485872.6483376,0.1556530808007215,0.2806385880133002,0.32091416086681934,17.412558237527946,54,322.4547821764435
1763485872.848439,0.06898864770585822,0.2826204100942467,0.2909187682397325,17.703477005767677,55,321.8814001048669
1763485872.8498478,0.06827329835463403,0.28234060425390867,0.2904779855319214,17.9939549912996,56,321.3206248446357
1763485872.8510284,0.06767375473804005,0.2821049368161727,0.29010848394419836,18.284063475243798,57,320.77304342532983
1763485872.8522036,0.06707648545088063,0.2818688576310354,0.2897400693771352,18.573803544620933,58,320.2379921486368
1763485873.0535383,-0.043121377536928795,0.24385256999264604,0.24763588005921253,18.821439424680147,59,319.0074478759347
1763485873.0550787,-0.04381276562660341,0.24346175703527317,0.24737256430443952,19.068811988984585,60,317.8135331497431
1763485873.056567,-0.04447985335269622,0.2430838356121997,0.24711982617794204,19.31593181516253,61,316.6546199206972
1763485873.0582814,-0.06926206486319741,0.18377491623882147,0.19639361870412086,19.51232543386665,62,314.7149263526879
1763485873.2586033,-0.1676243804941835,0.12875720202896557,0.21136780741254485,19.723693241279193,63,313.07449589332055
1763485873.2601423,-0.16811194972230703,0.1285926238114109,0.21165464922400956,19.935347890503202,64,311.48981078911254
1763485873.2614636,-0.16852987933445962,0.1284513143877829,0.21190106275438206,20.147248953257584,65,309.9576762039629
1763485873.2627926,-0.1689496393280664,0.1283091820819987,0.21214906748707432,20.35939802074466,66,308.4757275870403
1763485873.4629812,-0.23931842237284195,0.10906887245756836,0.26300062020115333,20.622398640945814,67,307.7969946409823
1763485873.4645827,-0.23968265139370182,0.10875508228446862,0.2632022820984201,20.885600923044233,68,307.14119004476817
1763485873.4658742,-0.23997493342095078,0.10850142031252519,0.2633638678335071,21.14896479087774,69,306.5067360996774
1763485873.4674826,-0.24033778582978127,0.10818595512599827,0.26356489178964315,21.412529682667383,70,305.8932811809626
1763485873.668033,-0.29215428841377844,0.0708598814502901,0.30062476783809816,21.71315445050548,71,305.8190767676828
1763485873.6696029,-0.29221310372702647,0.07036475421099486,0.30056562781688073,22.01372007832236,72,305.74611219892165
1763485873.6708977,-0.29225919838305137,0.06995553074764382,0.3005149169703366,22.314234995292697,73,305.6744519903109
1763485873.672169,-0.2923025162721202,0.0695530852916304,0.3004636295670375,22.614698624859734,74,305.6040354710775
1763485873.8718214,-0.30497074555983106,0.007956114025175598,0.3050745079447,22.919773132804433,75,305.5969751040591
1763485873.8732045,-0.3046460263108236,0.007473072366785516,0.30473767105097826,23.224510803855413,76,305.58566847178173
1763485873.8744123,-0.3043599161452136,0.007051497905247617,0.304441590750392,23.528952394605806,77,305.5708103195559
1763485873.8757637,-0.3040374245784574,0.006579956645290652,0.3041086177235941,23.8330610123294,78,305.5520642606333
1763485874.0774598,-0.2612227724241718,-0.062161650138949476,0.26851705268188797,24.101578065011285,79,305.08326664571246
1763485874.0790048,-0.26076348242785186,-0.06231564069398998,0.2681060104566905,24.369684075467976,80,304.6210509433497
1763485874.0803187,-0.26037259482030184,-0.062444216170137734,0.26775579968799923,24.637439875155977,81,304.1659243846417
1763485874.081651,-0.259976253583892,-0.06257263119685019,0.2674004237139746,24.904840298869953,82,303.71756462036524
1763485874.28295,-0.1250168087165311,-0.06839247792294678,0.14250169647448582,25.04734199534444,83,301.775204763186
1763485874.284383,-0.12463967818893285,-0.06822982139193612,0.14209277921912938,25.18943477456357,84,299.87422350670914
1763485874.285696,-0.12429476829668273,-0.06807925814176907,0.1417179410486184,25.331152715612188,85,298.0135613601434
1763485874.2870235,-0.12394668460742675,-0.06792576389736493,0.14133891900751713,25.472491634619704,86,296.19176319325237
1763485874.4873054,-0.07546950582088613,-0.04358577953561027,0.08715139979699459,25.5596430344167,87,293.78900039559426
1763485874.4887197,-0.07512281150197259,-0.043373282549812986,0.08674490444462324,25.64638793886132,88,291.43622657796953
1763485874.4899743,-0.07481555881921242,-0.04318470575644562,0.08638452785482954,25.73277246671615,89,289.132274906923
1763485874.4911785,-0.0745210386440725,-0.043003884492220035,0.08603905672432462,25.818811523440473,90,286.87568359378304
1763485874.4924066,-0.07422049587982693,-0.04282018048565717,0.08568692937357285,25.904498452814046,91,284.66481816279173
1763485874.6916802,-0.028420304341297498,-0.012372164173577671,0.030996518275282665,25.93549497108933,92,281.9075540335797
1763485874.6932137,-0.028039148753442655,-0.012345511432858336,0.03063666945600518,25.966131640545335,93,279.20571656500357
1763485874.694594,-0.027696231217038514,-0.012323184272896137,0.030314057700205913,25.99644569824554,94,276.5579329600589
1763485874.6959105,-0.02736941020013406,-0.012303424892087023,0.03000764700502905,26.02645334525057,95,273.96266679211124
1763485874.8968542,0.020377587994041713,-0.009002571978352636,0.02227762093851884,26.048730966189087,96,271.3409475644696
1763485874.8984094,0.02065286153469012,-0.009310206473751359,0.022654373400184002,26.07138533958927,97,268.77716844937396
1763485874.8997016,0.02087992159669408,-0.00956716083471032,0.022967404997546126,26.094352744586814,98,266.26890555700834
1763485874.901017,0.021109607252853796,-0.009829868777462503,0.023286086802034166,26.11763883138885,99,263.81453365039243
1763485875.1034594,0.05515700991343647,-0.050170326738870674,0.07456109862170736,26.192199930010556,100,261.92199930010554
1763485875.1050565,0.055096918602868764,-0.050545148894413305,0.07476952933040007,26.266969459340956,101,260.06900454793026
1763485875.1063893,0.055044834658288966,-0.05085789779088845,0.07494304230725375,26.34191250164821,102,258.25404413380596
1763485875.1080983,0.09538679089991756,0.0484164259133435,0.1069709781969244,26.448883479845133,103,256.7852765033508
1763485875.3085313,0.08845335155099739,0.010803538548699532,0.08911067189611785,26.537994151741252,104,255.17302068981974
1763485875.3100612,0.08822268865152019,0.010568901485059179,0.08885350005207424,26.626847651793327,105,253.5890252551745
1763485875.3114161,0.08801739840152979,0.010361654278820964,0.08862520127349459,26.71547285306682,106,252.03276276478132
1763485875.3127236,0.08781860772471518,0.010162220754408313,0.08840462993174471,26.803877482998566,107,250.5035278784913
1763485875.512366,0.05832595232096449,-0.020428901873189353,0.06180013548441316,26.86567761848298,108,248.75627424521278
1763485875.5137591,0.057972014761083546,-0.020414297063037434,0.06146135387409903,26.927138972357078,109,247.03797222345943
1763485875.5149426,0.05767048045517731,-0.0204005423432565,0.061172432057504375,26.98831140441458,110,245.348285494678
1763485875.516358,0.05730908828651099,-0.020382736519417133,0.06082587893529441,27.049137283349875,111,243.6859214716205
1763485875.7181046,0.007628767982693685,-0.018118702350041982,0.019659233855447905,27.068796517205325,112,241.68568318933325
1763485875.7197602,0.007392286534687875,-0.018410784870912522,0.019839427909442073,27.088635945114767,113,239.72244199216607
1763485875.7210777,0.007205279572208789,-0.018645324551327835,0.019989101564053292,27.10862504667882,114,237.79495654981423
1763485875.7224185,0.007015907087705164,-0.018885705024676458,0.020146781543025707,27.128771828221847,115,235.90236372366823
1763485875.9210167,-0.018066615394476127,-0.05534666785652265,0.058220754328951796,27.1869925825508,116,234.37062571164483
1763485875.9226449,-0.018080928169821375,-0.055923193078468714,0.058773493069358494,27.24576607562016,117,232.86979551812104
1763485875.9239707,-0.018091110753131467,-0.05639464346219336,0.05922536702722894,27.30499144264739,118,231.39823256480838
1763485875.9253209,-0.018100582359630357,-0.05687547708667928,0.0596862712488822,27.36467771389627,119,229.95527490669136
1763485876.1257792,-0.015518413972912426,-0.12933627895799482,0.130263940624161,27.49494165452043,120,229.12451378767025
1763485876.1273575,-0.015570554162262495,-0.12961938113435645,0.13055123945245986,27.62549289397289,121,228.30985862787512
1763485876.1287353,-0.015616468757442603,-0.1298645408073651,0.13080012635911317,27.756293020332002,122,227.5105985273115
1763485876.130482,-0.12610270253063655,-0.04024495899364178,0.132368985453278,27.88866200578528,123,226.73708947792912
1763485876.330563,-0.13824624209261205,-0.06676681683539787,0.15352469274699973,28.04218669853228,124,226.14666692364744
1763485876.3321025,-0.1384329468205573,-0.06668703918945385,0.15365819848377435,28.195844897016055,125,225.56675917612844
1763485876.333438,-0.1385953030471485,-0.06661610115446859,0.15377373949980316,28.34961863651586,126,224.99697330568145
1763485876.3347855,-0.13875945233818454,-0.0665429799805457,0.15389007049801562,28.503508707013875,127,224.43707643318012
1763485876.535167,-0.15777005202056682,-0.05691092303223888,0.167720727624685,28.67122943463856,128,223.99397995811373
1763485876.5366652,-0.15794160644451016,-0.05671106279959082,0.16781446805961536,28.839043902698172,129,223.55847986587733
1763485876.537888,-0.15808163574754375,-0.056547288577274646,0.16789103432304142,29.006934937021214,130,223.13026874631703
1763485876.5390544,-0.15821477501257974,-0.05639117982958064,0.1679639252781779,29.17489886229939,131,222.70915162060604
1763485876.7400334,-0.1749196863062138,-0.031217361679675815,0.17768348355349162,29.35258234585288,132,222.368048074643
1763485876.7416284,-0.17500278229732324,-0.031029978797485036,0.17773247704338305,29.530314822896262,133,222.0324422774155
1763485876.742943,-0.17507010259752054,-0.0308766527010631,0.17777206896902684,29.70808689186529,134,221.70214098406933
1763485876.7442434,-0.1751357863673918,-0.03072596820683815,0.17781065431737303,29.88589754618266,135,221.3770188606123
1763485876.7455826,-0.17520257634908754,-0.030571828352509822,0.17784987896586596,30.063747425148527,136,221.05696636138623
1763485876.9449315,-0.17845020019342273,-0.009578056339120344,0.17870705949208612,30.242454484640614,137,220.74784295358114
1763485876.946542,-0.1785490917208601,-0.00932431889057872,0.17879239658642454,30.421246881227038,138,220.44381797990607
1763485876.9478812,-0.178631581346529,-0.009112866522980045,0.17886387614783278,30.60011075737487,139,220.14468170773287
1763485876.949132,-0.17870831768213713,-0.00891579790364272,0.17893058503519807,30.779041342410068,140,219.85029530292906
1763485877.1498432,-0.18377589564739083,0.020510714133548102,0.18491692517254554,30.963958267582612,141,219.60254090484122
1763485877.1514256,-0.18394823110561398,0.02098439888432413,0.18514128854315776,31.14909955612577,142,219.35985602905473
1763485877.1531415,-0.22586486093654268,0.003670738143541019,0.2258946872425339,31.374994243368302,143,219.4055541494287
1763485877.1544933,-0.22601879310948625,0.004077159414484388,0.22605556411546227,31.601049807483765,144,219.4517347741928
1763485877.3565714,-0.24129905497323167,0.06239461393974288,0.24923547456103484,31.8502852820448,145,219.65713987617104
1763485877.358115,-0.24139603377095553,0.06280522864231486,0.24943243948043675,32.09971772152524,146,219.86108028441944
1763485877.3594472,-0.2414792689492823,0.06315930791712443,0.24960235477424877,32.349320076299485,147,220.06340187958833
1763485877.3607826,-0.24156223982071623,0.0635139082723879,0.24977256104551301,32.599092637344995,148,220.26413944152023
1763485877.5593765,-0.24620534909092007,0.11369828915205726,0.2711906614857647,32.87028329883076,149,220.60592818007225
1763485877.5609176,-0.24617053476221207,0.11375814194863487,0.2711841570680692,33.141467455898834,150,220.9431163726589
1763485877.562221,-0.2461405961546832,0.11380744322465342,0.2711776672381329,33.41264512313697,151,221.27579551746337
1763485877.5635579,-0.24610933957287673,0.11385687628913344,0.2711700486840621,33.68381517182103,152,221.6040471830331
1763485877.7639706,-0.23349291176156628,0.11848788559832935,0.26183643534935575,33.94565160717039,153,221.86700396843392
1763485877.765581,-0.23335235416623057,0.11833794875127834,0.26164325198556543,34.20729485915596,154,222.1252912932205
1763485877.7669291,-0.233234247642089,0.11821212865878827,0.2614810158218245,34.46877587497778,155,222.37919919340504
1763485877.7681804,-0.2331242487556746,0.11809508770584776,0.2613299927259585,34.73010586770374,156,222.62888376733167
1763485877.9688935,-0.20755643652527245,0.0963628406521626,0.2288350309756431,34.95894089867939,157,222.66841336738463
1763485877.970526,-0.20734822761789795,0.0964841292203733,0.2286973429834665,35.18763824166285,158,222.7065711497649
1763485877.9718409,-0.20718008148899192,0.09658363837652173,0.2285869317520843,35.41622517341494,159,222.74355454977947
1763485877.9731357,-0.20701409785390645,0.09668227230574988,0.22847822322591255,35.64470339664085,160,222.7793962290053
1763485878.1736484,-0.17355758339638427,0.1088377130555589,0.20486064174837748,35.849564038389225,161,222.66809961732437
1763485878.1750968,-0.17328962436638484,0.10919073150056668,0.2048216535395406,36.054385691928765,162,222.55793636993064
1763485878.176682,-0.22451539565678647,0.09574715311332804,0.24407924986821483,36.29846494179698,163,222.68996896807963
1763485878.17788,-0.22429610920505128,0.09604144636798884,0.24399324585934662,36.54245818765632,164,222.8198669979044
1763485878.3785188,-0.1800807700494066,0.14216568492127601,0.22943444752417363,36.77189263518049,165,222.85995536473024
1763485878.3800642,-0.1797741755915263,0.14217975604054311,0.22920261175946774,37.00109524693996,166,222.89816413819256
1763485878.3813965,-0.1795100534457189,0.14218967000699267,0.22900166275549688,37.230096909695455,167,222.93471203410454
1763485878.3827121,-0.17924937101748006,0.14219752579078415,0.22880225818637137,37.458899167881825,168,222.9696379040585
1763485878.5833552,-0.1325128973826346,0.13972388197512853,0.19256799102379474,37.65146715890562,169,222.7897465024001
1763485878.5849175,-0.13227235832045925,0.1394068512930371,0.192172440696097,37.843639599601715,170,222.6096447035395
1763485878.5862226,-0.13207224760898395,0.13914002251024327,0.19184114379517175,38.03548074339689,171,222.42971194968942
1763485878.5875795,-0.13186481653168425,0.13886086783545215,0.19149587581707775,38.226976619213964,172,222.24986406519747
1763485878.7904892,-0.09432977418632227,0.09326648370600976,0.13265271682451865,38.35962933603848,173,221.7319614799912
1763485878.7920463,-0.09424847072936482,0.09265329842784542,0.13216432175282147,38.491793657791305,174,221.2172049298351
1763485878.7933776,-0.0941783485972979,0.09213099993021201,0.13174855783899453,38.6235422156303,175,220.70595551788745
1763485878.7947295,-0.09410736448234325,0.09160081748816706,0.13132747547376783,38.75486969110407,176,220.19812324490948
1763485878.7960007,-0.09404085069150192,0.09110236714053999,0.1309325127590206,38.885802203863086,177,219.69379776193836
1763485878.9953034,-0.07789859061235893,0.009404513490920863,0.07846422938761845,38.96426643325071,178,218.90037322050958
1763485878.9968648,-0.07768561237810678,0.009076238944247805,0.07821401718320405,39.042480450433914,179,218.11441592421178
1763485878.9981213,-0.07751320259313321,0.008813754175039712,0.07801268383347763,39.12049313426739,180,217.3360729681522
1763485878.999461,-0.07732897089425517,0.00853469902393833,0.07779852715182838,39.19829166141922,181,216.56514730065868
1763485879.1968,-0.045266746848743544,-0.0361321061703932,0.05791897328662517,39.256210634705845,182,215.69346502585628
1763485879.198331,-0.04486183163203372,-0.036206131941487474,0.05764952668969053,39.31386016139553,183,214.82983694751655
1763485879.1999931,-0.06958213295219284,-0.14872192076840385,0.16419464955722532,39.478054810952756,184,214.55464571169978
1763485879.201299,-0.06929233301095494,-0.14883163097404228,0.16417150115807122,39.64222631211083,185,214.28230438978827
1763485879.4071472,-0.018995952421974716,-0.16999808834710928,0.17105612017723743,39.81328243228807,186,214.04990554993586
1763485879.4087136,-0.018929574681167127,-0.17027050098970875,0.17131950357415904,39.98460193586223,187,213.82140072653598
1763485879.4099753,-0.018878014194902593,-0.17049040871497123,0.17153238435858367,40.156134320220815,188,213.59645915011072
1763485879.4111247,-0.018832421804077237,-0.17069112967680233,0.17172688159210728,40.32786120181292,189,213.37492699371916
1763485879.609357,-0.007782586254417911,-0.20906022266273716,0.20920503184340644,40.537066233656326,190,213.35298017713856
1763485879.6108937,-0.008040897693388727,-0.20933628090006273,0.2094906550106365,40.74655688866696,191,213.33275857940816
1763485879.6122031,-0.008263217085839047,-0.20957114939663768,0.20973399203761783,40.95629088070458,192,213.31401500366968
1763485879.6135273,-0.00848918725446468,-0.20980785405602909,0.20997952739216594,41.16627040809674,193,213.29673786578624
1763485879.812023,-0.04013090676787753,-0.2489743753991176,0.2521878848862348,41.418458292982976,194,213.49720769578855
1763485879.8136215,-0.040284460040018566,-0.2489801730917458,0.25221808879125135,41.67067638177423,195,213.6957763167909
1763485879.8149598,-0.040411962954010505,-0.24898320825294817,0.2522414810092251,41.92291786278346,196,213.8924380754258
1763485879.8162398,-0.0405339435194608,-0.24898475693555877,0.25226258098159965,42.17518044376506,197,214.08721037444192
1763485880.01664,-0.058143176161253154,-0.2529482027998524,0.2595446440090679,42.434725087774126,198,214.3167933725966
1763485880.0181904,-0.05796717635536418,-0.2527533305643761,0.259315328598212,42.69404041637234,199,214.54291666518762
1763485880.01952,-0.057813822572778846,-0.2525855150984664,0.25911750330310446,42.95315791967544,200,214.76578959837718
1763485880.0208282,-0.057661785941649224,-0.25241976418100265,0.2589220324869507,43.21207995216239,201,214.98547239881788
1763485880.2315161,-0.03248309619359942,-0.22998501189113618,0.23226764138142164,43.44434759354381,202,215.07102769081092
1763485880.2330582,-0.03224602043772793,-0.22969663698448617,0.23194902646067128,43.67629662000448,203,215.154170541894
1763485880.2344258,-0.032035432806500064,-0.22944048410456475,0.23166614923470544,43.907962769239184,204,215.23511161391755
1763485880.2361097,-0.09289476740229818,-0.23098618792985492,0.24896597523576056,44.156928744474946,205,215.3996524120729
1763485880.4359949,-0.06738087740018003,-0.19361649733375863,0.20500617229491275,44.36193491676986,206,215.34919862509642
1763485880.4383137,-0.06740630558991731,-0.19282876137595029,0.20427075475227602,44.56620567152214,207,215.29567957257072
1763485880.4396858,-0.06742216340219379,-0.19236116200954534,0.20383465055651032,44.77004032207865,208,215.24057847153196
1763485880.4409597,-0.06743739037668461,-0.1919263399527562,0.2034294019764063,44.97346972405506,209,215.1840656653352
1763485880.4421508,-0.06745211584456576,-0.19151921751349477,0.2030502366629747,45.17651996071803,210,215.12628552722873
1763485880.631299,-0.07126343010464775,-0.13030294788579244,0.14851711920855304,45.32503707992659,211,214.81060227453358
1763485880.6328852,-0.0713073743573307,-0.1298007628757727,0.1480978719660383,45.473134951892625,212,214.4959195843992
1763485880.634203,-0.07134400326387774,-0.12938385571601252,0.14775029245879057,45.62088524435141,213,214.18255983263575
1763485880.6355422,-0.07138070232658061,-0.12896094721187445,0.1473978648774119,45.768283109228825,214,213.87048181882628
1763485880.8348148,-0.07934574789777371,-0.06992936668168959,0.10576324519396736,45.874046354422795,215,213.36765746243162
1763485880.8358655,-0.07922429076009124,-0.06975074700482953,0.10555403807610211,45.979600392498895,216,212.86852033564304
1763485880.8366542,-0.07913253225377587,-0.06961727465826373,0.1053969761982715,46.08499736869717,217,212.3732597635814
1763485880.8374414,-0.07904053002585426,-0.06948448479180058,0.10524019675746495,46.19023756545463,218,211.881823694746
1763485881.0409389,-0.058694702440668545,-0.03924921840545892,0.07060856350357254,46.2608461289582,219,211.23674031487764
1763485881.0425577,-0.058283261765107786,-0.03921871390941112,0.07024988343540729,46.33109601239361,220,210.5958909654255
1763485881.0438735,-0.05794835470121329,-0.03919477877408717,0.06995886288189125,46.4010548752755,221,209.95952432251357
1763485881.0451593,-0.0576206966052486,-0.03917203748579956,0.06967491082206703,46.470729786097564,222,209.32761164908814
1763485881.2458346,-0.01085339205483371,-0.03944570508651113,0.04091160921875278,46.51164139531632,223,208.57238293863819
1763485881.2474697,-0.010622309472880564,-0.039358306770632456,0.0407665275733519,46.55240792288967,224,207.82324965575745
1763485881.2491474,-0.0003045465343917142,-0.06303148082961618,0.06303221655761347,46.61544013944729,225,207.17973395309906
1763485881.2504847,-0.00011155240139881784,-0.06296859879037653,0.06296869760096413,46.67840883704825,226,206.5416320223374
1763485881.4499445,0.02354058089353972,-0.057250011891682995,0.06190091122433604,46.74030974827259,227,205.9044482302757
1763485881.4514213,0.023482951801815366,-0.05700399385261212,0.06165147476318003,46.80196122303577,228,205.2717597501569
1763485881.4526052,0.023435255311912928,-0.05680558644181044,0.061449864463093334,46.86341108749886,229,204.64371653929632
1763485881.4538033,0.02338626810508926,-0.056604287555944044,0.06124510515624181,46.9246561926551,230,204.02024431589174
1763485881.655373,0.009122576040669239,-0.026267849914981323,0.027806857657307785,46.95246305031241,231,203.25741580221825
1763485881.6569233,0.009264535981334365,-0.026217784586899384,0.027806543395296333,46.9802695937077,232,202.50116204184354
1763485881.6582932,0.009391230334445333,-0.026175110187362183,0.027808840330282702,47.008078434037984,233,201.75140958814586
1763485881.6596465,0.009516123763717466,-0.026132981330925453,0.027811676050336964,47.03589011008832,234,201.00807739353982
1763485881.8591938,0.02147218686426533,-0.023372573970172894,0.031738494336139074,47.067628604424456,235,200.2877812954232
1763485881.860804,0.021765982824039853,-0.023588928946877363,0.032096659906557676,47.09972526433101,236,199.57510705225008
1763485881.8621528,0.02201284405516979,-0.023772049724524624,0.03239869829950727,47.13212396263052,237,198.86972136131024
1763485881.8634903,0.022258264947490725,-0.02395528999840879,0.03269994307916389,47.16482390570969,238,198.17152901558694
1763485882.064519,0.05219739441238791,-0.05512822389564409,0.07591896372666482,47.24074286943635,239,197.66001200600985
1763485882.0660677,0.052256613677321706,-0.05509697850685624,0.07593701807159552,47.31667988750795,240,197.15283286461647
1763485882.0674064,0.052307101280082424,-0.05506906251494659,0.07595152724336685,47.39263141475132,241,196.64992288278557
1763485882.0687304,0.05235685299382542,-0.05504151807588231,0.07596583947745673,47.468597254228776,242,196.1512283232594
1763485882.2698264,0.05237801166833422,-0.0539862432920728,0.07521948265655004,47.543816736885326,243,195.65356681845813
1763485882.2714062,0.05230814521635474,-0.053659754858217834,0.07493671561670746,47.618753452502034,244,195.15882562500832
1763485882.2727182,0.052249667731327554,-0.05338657726854423,0.07470043112649602,47.69345388362853,245,194.66715870868788
1763485882.2744646,0.04617469854902145,-0.0670568347913747,0.08141696308712776,47.77487084671566,246,194.20679205981975
1763485882.4746242,0.028872864560083533,-0.028437375049268798,0.040525629021616716,47.81539647573727,247,193.58460111634523
1763485882.4761758,0.028837812422697895,-0.028278544245221582,0.04038929920109612,47.85578577493837,248,192.9668781247515
1763485882.4775298,0.028807299150569232,-0.028141134212063434,0.04027137841062501,47.89605715334899,249,192.35364318614054
1763485882.4788647,0.028777144332983173,-0.028006750308187556,0.040155972143462164,47.93621312549245,250,191.7448525019698
1763485882.6839752,0.01589021910936872,-0.010427823983292228,0.019006277288576828,47.955219402781026,251,191.0566510070957
1763485882.6856165,0.015840048043199384,-0.010645758559190366,0.019085054291550746,47.97430445707258,252,190.3742240360023
1763485882.686961,0.015798708470046052,-0.010826680094628394,0.019152446089022872,47.9934569031616,253,189.69745811526326
1763485882.6883087,0.015757012706978935,-0.011010067151453473,0.019222513574644978,48.01267941673625,254,189.02629691628445
1763485882.885774,0.001978758744873743,-0.040814301522563046,0.04086224045430092,48.05354165719055,255,188.44526140074726
1763485882.8869603,0.0018827137066982358,-0.04077004699585318,0.040813494618146415,48.0943551518087,256,187.86857481175272
1763485882.8879442,0.001802933928335304,-0.04073232655529946,0.040772208639678766,48.13512736044838,257,187.29621541030497
1763485882.8889503,0.0017212656475132926,-0.04069341820491834,0.04072980531048103,48.17585716575886,258,186.72812854945295
1763485882.8898985,0.0016442663993426754,-0.04065638470061117,0.04068962065338159,48.216546786412245,259,186.16427330661097
1763485883.0898068,-0.022331442268001322,-0.03540297377221968,0.04185766197108423,48.25840444838333,260,185.6092478783974
1763485883.0911973,-0.022414192153083046,-0.035114660305228806,0.04165855708287244,48.30006300546621,261,185.05771266462148
1763485883.0924017,-0.02248546532526441,-0.03486355345250258,0.04148570247963957,48.34154870794585,262,184.50972789292308
1763485883.0938463,-0.022570537033786975,-0.0345609901357431,0.041278216787507684,48.38282692473336,263,183.96512138681885
1763485883.2957385,-0.04202075205700029,0.0055807017968669825,0.04238971379923965,48.425216638532596,264,183.42885090353255
1763485883.2973495,-0.041993476067963886,0.0061470828794365495,0.04244100211113444,48.46765764064373,265,182.89682128544803
1763485883.2990198,-0.06900279923574659,0.0016013135968182546,0.06902137717840832,48.53667901782214,266,182.4687181121133
1763485883.3003492,-0.06899219096066589,0.0020733687770539966,0.069023338601075,48.605702356423215,267,182.0438290502742
1763485883.4983485,-0.07433991869081646,0.07022711590150665,0.10226568984171011,48.707968046264924,268,181.74614942636165
1763485883.4998915,-0.0743398861517125,0.07055231110834015,0.10248925444053923,48.810457300705465,269,181.4515141290166
1763485883.501227,-0.07434011953297348,0.0708322475073957,0.10268232885519178,48.91313962956066,270,181.15977640578024
1763485883.5025966,-0.07434028547380933,0.07111890942283905,0.10288040300184215,49.0160200325625,271,180.87092262938194
1763485883.703177,-0.08105768337508923,0.11111255033087675,0.13753671100898057,49.153556743571485,272,180.71160567489517
1763485883.704712,-0.08118925329398041,0.11108311133208915,0.1375905246506874,49.291147268222176,273,180.5536529971508
1763485883.7058978,-0.08129179375292384,0.11105835814430831,0.13763108168316254,49.428778349905336,274,180.39700127702676
1763485883.7070713,-0.0813932988294066,0.1110335760278578,0.137671072124347,49.566449422029685,275,180.24163426192612
1763485883.9085822,-0.10500793520819773,0.10502051765557097,0.14851254352859608,49.71496196555828,276,180.12667378825464
1763485883.9101286,-0.10498162748705886,0.10517615762241794,0.14860405863248585,49.86356602419077,277,180.01287373354066
1763485883.911452,-0.1049577714899208,0.10531047802140137,0.14868231427182754,50.0122483384626,278,179.90017387936186
1763485883.9128006,-0.10493238626768564,0.10544827076853336,0.1487620364740437,50.161010374936644,279,179.78856765210267
1763485884.1119492,-0.1065069733879318,0.12428015246505231,0.16367434642299403,50.32468472135964,280,179.7310168619987
1763485884.113558,-0.10626044386141953,0.12458616711194725,0.16374674031953107,50.48843146167917,281,179.67413331558424
1763485884.1148696,-0.10605784400808971,0.1248364111742224,0.16380597006978656,50.65223743174896,282,179.61786323315232
1763485884.1164186,-0.10581701423879353,0.12513273205284836,0.1638762982661708,50.816113730015125,283,179.56223932867536
1763485884.3175483,-0.07897853922211528,0.1625024978700269,0.1806783647027427,50.99679209471787,284,179.5661693475981
1763485884.3187335,-0.07885550629541827,0.16256975080673408,0.18068512598017128,51.17747722069804,285,179.57009551122118
1763485884.3197422,-0.07875071730709926,0.16262662622173973,0.1806906058229041,51.35816782652094,286,179.57401337944384
1763485884.3210137,-0.060849010368823175,0.038138111440789935,0.07181307406827299,51.429980900589214,287,179.19853972330736
1763485884.5225298,-0.05053637273613171,0.03715172338246253,0.06272300630241068,51.49270390689163,288,178.79411078781814
1763485884.5240798,-0.0506472447477716,0.03685192189444608,0.0626355134716323,51.55533942036326,289,178.3921779251324
1763485884.5254192,-0.05074460188373331,0.036590980867525325,0.06256128596173671,51.617900706324995,290,177.9927610562931
1763485884.5267806,-0.05084493160057363,0.03632417391712739,0.062487220135230274,51.68038792646023,291,177.59583479883239
1763485884.7270505,-0.06858011530448399,-0.003795445904976269,0.06868506114719504,51.74907298760742,292,177.22285269728567
1763485884.7284753,-0.06846685259226276,-0.003962997721995709,0.06858144978662364,51.81765443739404,293,176.85206292625952
1763485884.7296557,-0.06837158560301682,-0.0041011933886472285,0.06849447791670318,51.88614891531074,294,176.4834997119413
1763485884.730821,-0.06827698661013504,-0.004237434387491579,0.06840835293112132,51.954557268241864,295,176.11714328217582
1763485884.9321647,-0.05376635925165349,-0.02821638319630937,0.060720553915942124,52.015277822157806,296,175.7272899397223
1763485884.9337914,-0.0533800023959618,-0.0282600386594849,0.060399126159477415,52.07567694831728,297,175.33897962396392
1763485884.9351134,-0.05306424295986176,-0.02829445156826793,0.06013642715070706,52.13581337546799,298,174.95239387740935
1763485884.936462,-0.052740721154138304,-0.028328678690205056,0.059867334199807574,52.1956807096678,299,174.56749401226688
1763485885.1369426,-0.005325605786674598,-0.03351907674227217,0.03393951358887444,52.229620223256674,300,174.09873407752224
1763485885.138596,-0.00464090597572453,-0.033408678985503926,0.03372948027811824,52.26334970353479,301,173.6323910416438
1763485885.1399322,-0.0040885498854304585,-0.0333199737834442,0.03356988074293774,52.29691958427773,302,173.1686078949594
1763485885.1412246,-0.0035544715336320136,-0.03323378965335744,0.033423330812577735,52.330342915090306,303,172.70740236003402
1763485885.1425948,-0.0029894165480380958,-0.03314227850756568,0.03327682731227143,52.36361974240258,304,172.24874915264004
1763485885.3438025,0.08004281441559731,-0.019584486366473586,0.08240390916581775,52.446023651568396,305,171.95417590678164
1763485885.3452246,0.08034749549124337,-0.019566383709421542,0.08269560691584342,52.52871925848424,306,171.66248123687657
1763485885.3464282,0.08060368572612583,-0.01955165364335021,0.08294107132672926,52.61166032981097,307,171.37348641632235
1763485885.3479438,0.13775720956716037,-0.031408370801144336,0.14129237256169463,52.75295270237266,308,171.2758204622489
1763485885.5465934,0.1856524294323596,-0.03071708227220471,0.18817641642207628,52.941129118794734,309,171.33051494755577
1763485885.5568225,0.18603152324861655,-0.0312091942557573,0.18863123137034907,53.129760350165085,310,171.38632371020995
1763485885.5581996,0.18606903952605022,-0.03128005289440905,0.18867996496508016,53.31844031513017,311,171.44193027373043
1763485885.559509,0.18610298226336083,-0.03134804167234795,0.18872471943020094,53.507165034560366,312,171.49732382871912
1763485885.7505674,0.1927691881748475,-0.040861735796343446,0.19705238227912886,53.7042174168395,313,171.5789693828738
1763485885.7521157,0.192749765970407,-0.04083880824484676,0.19702862873325294,53.90124604557275,314,171.6600192534164
1763485885.7534494,0.19273271832706113,-0.04081841636896799,0.19700772530184882,54.0982537708746,315,171.74048816150668
1763485885.7547963,0.19271522520304302,-0.040797280440729056,0.19698623331699877,54.2952400041916,316,171.8203797601
1763485885.9559007,0.19313528346585024,-0.03675368670752377,0.19660130011276408,54.49184130430436,317,171.89855301042383
1763485885.9573872,0.1932296113540931,-0.0363917596843677,0.19662665861214912,54.688467962916505,318,171.97631434879403
1763485885.958595,0.19330653595869163,-0.036096392015242396,0.19664782317856203,54.885115786095064,319,172.05365450186542
1763485885.9597654,0.19338088260301878,-0.0358097732935283,0.19666851710341546,55.08178430319848,320,172.13057594749526
1763485886.1611185,0.21014063527816118,0.014605403916515547,0.21064758346269657,55.29243188666118,321,172.2505666251127
1763485886.1627443,0.210027565691435,0.014824263221007605,0.2105500822377321,55.50298196889891,322,172.36950922018292
1763485886.1640654,0.2099350479451041,0.015001557901450191,0.2104703568087053,55.713452325707614,323,172.48746850064276
1763485886.1653905,0.20984226979091147,0.015179724434491781,0.21039059443071303,55.92384292013833,324,172.60445345721706
1763485886.366031,0.20061617119475084,0.04348014871022898,0.20527389380217154,56.1291168139405,325,172.7049748121246
1763485886.3677042,0.2003460867326674,0.04345822940043087,0.20500529791133196,56.33412211185183,326,172.80405555782772
1763485886.3690302,0.20013119685526992,0.043439234452469,0.20479126701238842,56.53891337886422,327,172.9018757763432
1763485886.370375,0.19991266328611323,0.043418736201675134,0.2045733599359837,56.74348673880021,328,172.99843517926894
1763485886.5757,0.10467449754294078,-0.2198185004315909,0.24346852685277504,56.98695526565298,329,173.2126299867872
1763485886.577009,0.10438259129933192,-0.22006441769880936,0.24356533682664985,57.23052060247963,330,173.42582000751403
1763485886.5781844,0.10412027758997178,-0.22028570414829218,0.2436530805418263,57.474173683021455,331,173.63798695776876
1763485886.5794227,0.10384411309884556,-0.22051858499144728,0.2437458638662736,57.71791954688773,332,173.84915526171002
1763485886.775438,0.06618018653633428,-0.2555607888474567,0.2639907837147319,57.98191033060246,333,174.11985084265004
1763485886.7769728,0.06589582557149987,-0.25564981148576327,0.2640058445195027,58.24591617512196,334,174.3889705841975
1763485886.7782896,0.06565195284478742,-0.2557247414052004,0.2640176552412562,58.50993383036322,335,174.6565188966066
1763485886.779591,0.0654109257006743,-0.2557976172084431,0.26402842682282585,58.77396225718604,336,174.9225067178156
1763485886.9182014,0.04296037895943072,-0.2625010698572685,0.26599324396786556,59.039955501153905,337,175.19274629422523
1763485886.919841,0.04265730579131166,-0.26231433990385344,0.26576015249951945,59.30571565365342,338,175.46069720015805
1763485886.9211664,0.04241191530943167,-0.2621608712501693,0.2655693750696082,59.57128502872303,339,175.72650450950746
1763485886.9615653,0.03520179020977188,-0.25733864213932556,0.2597351396559284,59.83102016837896,340,175.97358873052636
1763485887.186902,0.0007227775514131451,-0.21735660212958852,0.21735780385509298,60.04837797223406,341,176.0949500652025
1763485887.188506,0.00033032069285832133,-0.21722854442424566,0.21722879556918,60.265606767803234,342,176.21522446726092
1763485887.1898432,2.921329468996703e-06,-0.21712274269016518,0.21712274270981805,60.48272951051305,343,176.33448836884273
1763485887.1911287,-0.0003118059899549497,-0.21702173805275882,0.21702196204627688,60.69975147255933,344,176.45276590860271
1763485887.3918302,-0.041824132066840214,-0.1990911733269093,0.20343685339640388,60.90318832595573,345,176.53098065494416
1763485887.3934035,-0.04214696636047477,-0.19926559932129928,0.2036741167803793,61.10686244273611,346,176.60942902524886
1763485887.394711,-0.042414548307733946,-0.19941243542864828,0.20387327758128065,61.31073572031739,347,176.68799919399825
1763485887.3960693,-0.042691821573817235,-0.19956661970617595,0.2040819132854259,61.51481763360282,348,176.76671733793913
1763485887.3973975,-0.042962466833622814,-0.19971812706860304,0.20428681757818054,61.719104451180996,349,176.8455714933553
1763485887.59391,0.012370721256665829,-0.04925769499472343,0.050787353353008324,61.769891804534005,350,176.48540515581143
1763485887.5951881,0.012185051666096958,-0.049396959167560484,0.05087764793214295,61.820769452466145,351,176.12754829762434
1763485887.5964277,0.01200569517918526,-0.049532610617982864,0.050966815001216435,61.87173626746736,352,175.77197803257775
1763485887.5978026,0.011807593048322573,-0.049683676174591795,0.05106747430426235,61.922803741771624,353,175.4187074837723
1763485887.799147,-0.009118999264200345,-0.06911008679367414,0.06970911162975511,61.99251285340138,354,175.1200928062186
1763485887.8007574,-0.009327812946987257,-0.06894803364719726,0.06957614129993865,62.06208899470132,355,174.8227859005671
1763485887.8020751,-0.009498214195638455,-0.06881419309531289,0.06946660524500414,62.131555599946324,356,174.52684157288292
1763485887.8034234,-0.00967203706008124,-0.06867613224002134,0.06935387112728808,62.200909471073615,357,174.23223941477204
1763485888.0041394,-0.02761351557981706,-0.044990644652672385,0.05278886576674894,62.253698336840365,358,173.89301211407923
1763485888.00576,-0.027689708264147628,-0.04478148651251862,0.05265075002338041,62.30634908686375,359,173.55528993555362
1763485888.0070705,-0.02775080998031554,-0.04461212001449988,0.052539020801226605,62.358888107664974,360,173.2191336324027
1763485888.0084188,-0.027812959332875753,-0.04443858398079309,0.0524246931614311,62.41131280082641,361,172.88452299397898
1763485888.2095072,-0.02930339851030217,-0.015523406718093269,0.03316120203474118,62.44447400286115,362,172.4985469692297
1763485888.2110298,-0.029199603403296526,-0.015592881786692603,0.033102187258904445,62.477576190120054,363,172.1145349590084
1763485888.2123144,-0.029110833882304732,-0.01565317422156104,0.03305242067585496,62.51062861079591,364,171.73249618350525
1763485888.2135017,-0.029028192252446017,-0.015709461324025398,0.03300641029460818,62.54363502109052,365,171.35242471531652
1763485888.4138625,-0.0076595504043902585,-0.02205004999708765,0.023342523798241272,62.566977544888765,366,170.94802607893106
1763485888.41548,-0.007489358363714338,-0.0221039854600385,0.02333830889155706,62.590315853780325,367,170.54581976506898
1763485888.4167805,-0.007352206296269648,-0.022147285416332707,0.023335749157363913,62.613651602937686,368,170.14579239928722
1763485888.4180677,-0.00721617122952134,-0.02219001105686763,0.02333387490147488,62.63698547783916,369,169.74792812422538
1763485888.6189592,-0.05436798699349443,0.020147164752508107,0.0579809128704394,62.6949663907096,370,169.44585511002595
1763485888.6204388,-0.054373967265901046,0.020362439971901153,0.058061667887191776,62.7530280585968,371,169.14562819028785
1763485888.62176,-0.05438038412560375,0.020556032106523958,0.05813584637392545,62.81116390497072,372,168.84721479830839
1763485888.6230867,-0.05438779924858028,0.02075177155665961,0.05821227301732562,62.869376177988045,373,168.55060637530306
1763485888.8238628,-0.0491733229026704,0.053994361761493304,0.07303017723736743,62.942406355225415,374,168.2952041583567
1763485888.8254726,-0.049376057322958244,0.0544584307386555,0.073509970176004,63.01591632540142,375,168.0424435344038
1763485888.826727,-0.04953460461072978,0.054820649594862644,0.07388491507705781,63.08980124047848,376,167.79202457574064
1763485888.8279634,-0.04969124215905385,0.055178316165651956,0.07425541140002107,63.164056651878504,377,167.54391684848412
1763485889.0281067,-0.06931915565834956,0.11668368290297851,0.13572113762045077,63.299777789498954,378,167.45972960184906
1763485889.0297208,-0.06924983736245083,0.11694723744121557,0.13591245829524953,63.435690247794206,379,167.37649141898206
1763485889.0310526,-0.06919085321443019,0.11716337919704146,0.1360684812637025,63.571758729057905,380,167.29410191857343
1763485889.0324163,-0.06912963813692785,0.11738415220577954,0.13622755249218935,63.70798628155009,381,167.21256241876665
1763485889.2321591,-0.055197364160267104,0.1534031524221211,0.1630315189872365,63.87101780053733,382,167.20161727889354
1763485889.233646,-0.054855081664519356,0.15345967929010929,0.162969178534606,64.03398697907194,383,167.190566524992
1763485889.2349381,-0.05455669225739135,0.15350830864874626,0.16291480440483747,64.19690178347678,384,167.17943172780411
1763485889.236425,-0.05421237223090625,0.15356371973928556,0.16285207190290266,64.35975385537968,385,167.168191832155
1763485889.4376204,-0.0033102211326858644,0.16478137324756725,0.16481461868809258,64.52456847406778,386,167.16209449240358
1763485889.4391465,-0.003076767905803024,0.16489696842198936,0.16492567021391405,64.6894941442817,387,167.15631561829898
1763485889.4403863,-0.002888809977872553,0.16499149149736725,0.16501677941837933,64.85451092370008,388,167.15080134974247
1763485889.4416904,-0.0026924820696155316,0.16509143968047246,0.16511339411285286,65.01962431781293,389,167.14556379900495
1763485889.4432812,0.0035934732468509978,0.0629822573257591,0.06308468742748885,65.08270900524042,390,166.878741039078
1763485889.6426132,0.044249221753272616,0.07695707840373957,0.08877153565310006,65.17148054089351,391,166.67897836545657
1763485889.644138,0.044244068733388486,0.07705987002754935,0.08885809578618936,65.2603386366797,392,166.48045570581556
1763485889.6454394,0.044237670888697345,0.07714730362321942,0.08893074823698441,65.3492693849167,393,166.28312820589488
1763485889.6467254,0.044229656690633945,0.07723352521613079,0.08900157272926164,65.43827095764595,394,166.08698212600495
1763485889.8463573,0.04513084072382531,0.09439604136016556,0.1046298495120268,65.54290080715798,395,165.9313944485012
1763485889.847696,0.04485799689462511,0.09437861728061597,0.10449671423159286,65.64739752138956,396,165.77625636714535
1763485889.8488681,0.044617600041856165,0.09436233585815268,0.10437902405225799,65.75177654544183,397,165.62160338902223
1763485889.850201,0.0443427223856471,0.09434287210232037,0.10424420629025552,65.85602075173209,398,165.46738882344746
1763485890.0180752,0.010582712810744035,0.09446920635527516,0.09506011129716946,65.95108086302926,399,165.29092948127635
