timestamp,x_loc,y_loc,theta_loc,v_x,v_y
1763485165.4642277,0.0,0.0,0.0,0.0,0.0
1763485165.4661245,0.0,0.0,-4.401139174329818e-05,1.8691129099978657e-05,-8.226226054748618e-10
1763485165.46776,3.057030335089054e-08,-1.3454415973562125e-12,-6.769346969669117e-05,5.747129005220397e-06,-3.890431037521129e-10
1763485165.4691987,3.8838224898184174e-08,-1.9051258949274543e-12,-7.494364616406437e-05,2.714710568752739e-06,-2.0345030868334748e-10
1763485165.470489,4.2341073904381586e-08,-2.167642171905536e-12,-6.901269676201e-05,4.407225670124324e-05,-3.041545292169072e-09
1763485165.669109,8.795976267460883e-06,-6.062796143091577e-10,-0.004877555865234428,-0.002892398234896673,1.4107945853994227e-05
1763485165.6707175,4.143924701190781e-06,2.208454173079245e-08,-0.0048879153561618,-0.0028709777309821973,1.4033207897786149e-05
1763485165.6720982,1.800174498046373e-07,4.1459939159324e-08,-0.0049206028404980935,-0.0028292116842101376,1.3921539407522312e-05
1763485165.6734464,-3.634487191301093e-06,6.022975301867674e-08,-0.0048946998217698524,-0.002879843658882737,1.4096082815761251e-05
1763485165.8728642,-0.0005779266589840562,2.871239992781033e-06,-0.00816081137911026,0.2014751430074602,-0.0016442371412552729
1763485165.8744519,-0.0002580588150493587,2.608009011894693e-07,-0.008162173268868556,0.20310079789523952,-0.0016577807180063594
1763485165.875758,7.202398937544013e-06,-1.9043551707687952e-06,-0.008134074147494941,0.2043994525237401,-0.0016626369711371023
1763485165.877106,0.0002827366722208412,-4.145620809789996e-06,-0.008128200081198765,0.20571678076504096,-0.0016721439791474474
1763485166.0785093,0.04171479152588096,-0.0003409210691208492,-0.010818682257837532,0.40793120191332316,-0.0044134502470238295
1763485166.080028,0.042334327390755766,-0.0003476238923004618,-0.01082711914779282,0.4094766304823519,-0.00443362551397024
1763485166.081368,0.04288299021140749,-0.0003535645621680996,-0.01081404946118356,0.4107737469139658,-0.004442300784146072
1763485166.0825868,0.043383639519188756,-0.0003589788196011695,-0.010880989259537743,0.4108159804146764,-0.004470260692150996
1763485166.2832434,0.12581659892239316,-0.0012559663656695184,-0.012580014936717412,0.6128450793014967,-0.007710006976079573
1763485166.2848446,0.1267978982160516,-0.0012683117766963182,-0.012577436816074495,0.6144670054958589,-0.007728827487496544
1763485166.2861538,0.12760233163985155,-0.001278430020804004,-0.012557661214603465,0.6157907853617876,-0.0077332985663873584
1763485166.2880268,0.1532450511851412,-0.0042374507165518485,-0.012580650001440671,0.6220160902050532,-0.007825779599721798
1763485166.4879084,0.27757459369056503,-0.005801679701465952,0.007359604907437071,0.7122694306637118,0.005242116241956449
1763485166.489399,0.27863629748707325,-0.0057938658399183125,0.007510233077513009,0.713763459247511,0.005360630727831758
1763485166.4906225,0.27950963286592473,-0.005787306764349342,0.007756346689315026,0.7143715390810335,0.005541024440235928
1763485166.491843,0.2803814981166447,-0.005780544139582619,0.00818143224005859,0.7150126115894094,0.005849957757021336
1763485166.6921217,0.42358333663704084,-0.004608921859788252,0.09192576420494185,0.6117928181357786,0.05639847411942751
1763485166.6937497,0.4245792876606746,-0.004517109539725746,0.09269905812091019,0.6109220455551269,0.05679467253836737
1763485166.6951091,0.4254098134174522,-0.004439899298690816,0.09346101528252361,0.6102013485720527,0.057196671530201575
1763485166.69641,0.42620357051226676,-0.004365497195298029,0.09430497634097594,0.6095069225507265,0.057650540980608296
1763485166.8975396,0.5487934997012026,0.00722973737060377,0.24218979881687314,0.3940644034082199,0.0973492322265003
1763485166.8991222,0.5494171549035494,0.007383804458616348,0.24326933896337358,0.3924173696782739,0.09739195462824432
1763485166.9004915,0.549954467638645,0.007517157214027021,0.24436055484294655,0.3916417803650545,0.09765327795472695
1763485166.901811,0.5504712031000089,0.007646001770883524,0.24551441252737952,0.39090435565715576,0.09794863469036251
1763485167.1039183,0.6294758776039482,0.027442148551617657,0.4403705519774887,0.26708866017921745,0.12586106679963807
1763485167.1055787,0.6299193374555679,0.02765112159439011,0.442086938629432,0.2668524234904458,0.1263099285060374
1763485167.1068943,0.6302704068279407,0.027817294143040926,0.4433768919532252,0.26671553279785115,0.12666652415942237
1763485167.108209,0.6306210417480245,0.027983815028082892,0.4447224240961861,0.2665406628245421,0.12702328467155669
1763485167.3091145,0.6841705432612829,0.05350349935188233,0.6472195401407559,0.3996449153494097,0.30206214744328147
1763485167.310735,0.6848181802684311,0.05399300045055615,0.6488233176000228,0.4004468437739838,0.30367860683487535
1763485167.3120604,0.6853489200537541,0.05439548662594903,0.6501469363742077,0.40110339570307724,0.3050135731282026
1763485167.3133988,0.6858857896901651,0.05480374177377373,0.6516020538858781,0.401233680186693,0.3060351242351837
1763485167.5124538,0.7517146887972455,0.18178344734069568,0.8697952053808767,0.45437852963475933,0.5383624263971487
1763485167.513808,0.752330016167013,0.1825125071756375,0.8712636261105922,0.4544400815850649,0.540042248608367
1763485167.515071,0.7529039300063904,0.1831945282668313,0.8726131453806019,0.45453534773028575,0.5416375032009274
1763485167.516279,0.7534530391331846,0.1838488626280791,0.8737659765926252,0.4542877705881958,0.5426116119138356
1763485167.517463,0.7539909097950969,0.18449130754021806,0.8749623081709617,0.4536401282901975,0.5431568886711332
1763485167.7225945,0.8470468037262076,0.29590991155710006,1.0735580812635022,0.23805180097410966,0.43862575682198784
1763485167.724208,0.8474309281456566,0.29661768551010187,1.075219546028884,0.23654192495939047,0.4375762975016806
1763485167.725558,0.8477502422390366,0.2972083811288397,1.0764737589497582,0.2356521533560605,0.43724034270352674
1763485167.726869,0.8480591972387946,0.29778163109940137,1.0775011182863656,0.23488402811507256,0.4368892403400332
1763485167.9235547,0.8942574921048277,0.3837114327593844,1.2309828878580287,0.10087794972258025,0.28534723961774694
1763485167.9251168,0.8944150754193854,0.38415717896995366,1.2322280159854666,0.09998847341103022,0.28395582914708717
1763485167.9264884,0.8945522218178185,0.3845466590565385,1.2332895633183136,0.0992356636035959,0.28277575554494444
1763485167.9277985,0.894682231462208,0.384917126427697,1.2341950356531683,0.098760052957437,0.2822381343167044
1763485168.1263673,0.9142928987352587,0.4409608199870436,1.375822024028925,0.09586148130182753,0.48541610970859134
1763485168.1279275,0.9144424628902744,0.44171817162915944,1.3769320505560096,0.09561117515511137,0.48699207882942147
1763485168.12924,0.914567952010574,0.44235734594603204,1.3778788191675932,0.09539695888303804,0.4883462632708439
1763485168.1305666,0.9146945018932781,0.443005167040745,1.378680784762493,0.09513226191749032,0.4890753675545083
1763485168.3311074,0.9337723999985171,0.5410847232283165,1.5021220670369855,0.04831266894671763,0.7023984711548317
1763485168.332718,0.933850208397416,0.5422159482593707,1.5030488770940165,0.047770506983713275,0.7040471700956523
1763485168.334033,0.9339130321976274,0.5431418525787161,1.5038410444730121,0.04730160500592431,0.7054096064364622
1763485168.3357215,0.9263650291906791,0.534532005767773,1.5044877725903256,0.04648766398934315,0.7000531359613958
1763485168.5342953,0.935596262571898,0.6735442365994895,1.599396778983728,-0.022806412511677976,0.7971969667117231
1763485168.5357363,0.9355633984883168,0.6746929989368894,1.6001467269214755,-0.02340382868863607,0.7971648707903335
1763485168.5369368,0.935535303653644,0.6756499455779601,1.600738069039182,-0.02387622114001756,0.7971842601858259
1763485168.5382278,0.9355044785781432,0.6766791396394555,1.6012514461652914,-0.024264923249922302,0.7964973136343131
1763485168.740217,0.9306032267764075,0.8375629740253857,1.6823275797455743,-0.06634473433984905,0.5923847525707806
1763485168.7409608,0.9305538751864559,0.8380036288820725,1.6826048519079195,-0.06642551674473152,0.5916229316955082
1763485168.7414825,0.9305192236612834,0.8383122548125128,1.6827647521359415,-0.06649207412521839,0.5913629008934613
1763485168.7419903,0.930485456886656,0.8386125675649749,1.6829237150042249,-0.06658803813059277,0.5913697313655102
1763485168.9454734,0.916935916151574,0.9589463165322701,1.7657735952289375,-0.09659839103561477,0.48913998536145553
1763485168.9470289,0.9167856628787744,0.9597071458056128,1.7664094099316008,-0.09690677780944441,0.4890653660522352
1763485168.9483602,0.9166566480416791,0.9603582528794051,1.766941304284429,-0.09716705410967152,0.48901455247605446
1763485168.949666,0.9165297654992218,0.9609968171570329,1.7674439373229252,-0.09740394540757284,0.48892102133907267
1763485169.1504683,0.8969708266800903,1.0591732955711683,1.8463081337678442,-0.19039424612667444,0.6734821609681023
1763485169.152039,0.8966717741332357,1.0602311350783804,1.8470153089864878,-0.19129592733470463,0.6748482723737559
1763485169.1533518,0.8964206537147098,1.0611170304707245,1.84760124954199,-0.19204107462714848,0.6759671891336749
1763485169.15463,0.89617519411019,1.0619810260468547,1.8481245204615195,-0.19275135530129128,0.6771192883134711
1763485169.3571997,0.8571296054340154,1.1991448928060047,1.9361789563183716,-0.32197322084870267,0.8416266646013906
1763485169.358776,0.8566220392356064,1.2004716529803612,1.936839999171005,-0.323077741579157,0.8428438884495945
1763485169.3600163,0.8562213409524837,1.2015169930195464,1.937348795921153,-0.3239493894137345,0.8438329562023648
1763485169.361283,0.8558109884587314,1.202585891338863,1.937863117789593,-0.32483394369859675,0.8448381527992599
1763485169.5595598,0.768219761055865,1.559358584304882,2.053210401657287,-0.41703652839420585,0.7963528689517693
1763485169.5609818,0.767626764969901,1.5604909410702543,2.05395609619271,-0.4176346071304621,0.7960499739026459
1763485169.562321,0.7670674698906097,1.5615570089335782,2.0547696905523707,-0.41857635927457165,0.796269644832408
1763485169.563851,0.7664269767184829,1.5627754372069065,2.055827694195024,-0.4198002284735026,0.7965505013884653
1763485169.7648058,0.682066157957535,1.7228459848717368,2.2030892691867376,-0.5344950942012059,0.7295541622564989
1763485169.7663758,0.6812270079590335,1.7239913749432383,2.2042615850614653,-0.5343977067962016,0.7276304386207046
1763485169.7677186,0.6805094329132866,1.7249684177685347,2.205331630927498,-0.5347803301732478,0.7265206605139033
1763485169.7690248,0.6798108518306996,1.7259174683616618,2.2063860075058037,-0.5355570806262353,0.7259713370374086
1763485169.7703164,0.6791191726615806,1.7268550701026733,2.207373173624118,-0.5362773206524305,0.7254475033172925
1763485169.96947,0.5723175805520191,1.8713305967796787,2.410517708303428,-0.6719555306669068,0.6026468378517958
1763485169.9710255,0.5712723921531642,1.8722679794706198,2.4120159916127024,-0.672841865900744,0.6016252133423373
1763485169.9723516,0.5703801472281087,1.87306578512243,2.4133695812606946,-0.6736686981398594,0.6007255879882518
1763485169.9736724,0.5694903393868805,1.8738592468642243,2.414861328034654,-0.6750654447376485,0.6001657154204187
1763485170.147482,0.4521575328310865,1.9781737667937858,2.5763277557693867,-0.7602977858931173,0.48226315160104893
1763485170.1490438,0.4509700388403348,1.9789270040188744,2.5775799578307192,-0.7615845794117255,0.4817430769595437
1763485170.1503863,0.44994758487260444,1.9795737609698154,2.578536849350898,-0.7626127131372115,0.4813723211758635
1763485170.1561465,0.445554788558986,1.9823465583825945,2.582342387250249,-0.7645741858163044,0.4785512624488222
1763485170.3791547,0.27504850939040837,2.0890673928879573,2.6979653973408158,-0.8196421167146147,0.3895097589032063
1763485170.3807557,0.2737362781325552,2.0896909905172745,2.69846851659209,-0.8198712632222784,0.3891131268603444
1763485170.382054,0.27267173467087275,2.0901962257336253,2.698599337189895,-0.8199067386064334,0.3889985508150914
1763485170.5844622,0.016021392151159802,2.1934383747437103,2.7083225910030237,-0.8602967693755413,0.3979602500338144
1763485170.5858974,0.014786625536331512,2.194009559070169,2.708072329839349,-0.859542360212771,0.39787244237080305
1763485170.587182,0.013682458018472432,2.194520665732799,2.707711080268588,-0.8587963403275322,0.3979038948544401
1763485170.5885131,0.012539322001615139,2.195050311997107,2.7073261226626872,-0.8586431162526573,0.39823447282115493
1763485170.5897722,0.011458214314396881,2.195551724448605,2.7069783108696064,-0.8585148444568629,0.39853787209421176
1763485170.788756,-0.1593722195678417,2.2748542525853557,2.6528316801044713,-0.6594707770739403,0.3507050185758438
1763485170.790353,-0.16042550391147017,2.2754143867385883,2.6523206430736734,-0.6578863867408256,0.350293846604293
1763485170.7917056,-0.16131532722231762,2.2758881761901364,2.651901282081781,-0.6565712790055236,0.34994709316867795
1763485170.7929726,-0.16214717435992027,2.2763315438747624,2.651523557171465,-0.6553600810174103,0.3496194673273571
1763485170.9976633,-0.2962932846934303,2.347895395560738,2.5837491389681433,-0.45504176708234195,0.2839230651533718
1763485170.9992235,-0.2970032459465457,2.3483383755017155,2.583321252494312,-0.45358104939538557,0.28328136267904874
1763485171.000573,-0.2976153305116077,2.348720649297979,2.5829478880749015,-0.45231051742859313,0.28272266210429614
1763485171.001879,-0.2982060738183575,2.349089901203184,2.5825980540088644,-0.4510793019009083,0.282172579721942
1763485171.2002313,-0.3876787074702007,2.4050594917954893,2.5208584153707307,-0.5978750839785235,0.4274914723366129
1763485171.2017086,-0.3885619133657035,2.4056909999462093,2.520408204915638,-0.5988799032481036,0.42861753393496366
1763485171.203043,-0.3893610759486922,2.4062629595222043,2.5199963096717624,-0.59974839942599,0.42961279579287664
1763485171.204347,-0.3901430946093474,2.406823136462214,2.5196094969758707,-0.6006143264111019,0.4305847107659975
1763485171.4055538,-0.5109908548546316,2.4934597610043965,2.4616368576888332,-0.729050518683943,0.5895016955514195
1763485171.4071503,-0.5121547481425544,2.4944008714612,2.4611557656788223,-0.7299891941429345,0.5908417301245251
1763485171.4085152,-0.5131511442398492,2.495207338733234,2.4607540942183936,-0.7307991516062672,0.5919832957385854
1763485171.4098375,-0.5141174576245748,2.4959901001540006,2.4603814382150797,-0.7316029732628951,0.5930861018502221
1763485171.6088743,-0.8229638745732633,2.747037298073829,2.4124661305487956,-0.6270762912276843,0.5601959287844538
1763485171.6103497,-0.8238890216513284,2.747863774268048,2.4119830345812905,-0.6257149716585471,0.5595235547220293
1763485171.6116807,-0.8247219051730688,2.7486085509952507,2.4115084813032044,-0.6249068095076054,0.5593347909630026
1763485171.6130214,-0.8255596725332461,2.7493584106929707,2.41095068040275,-0.6235635675263614,0.5587592928785153
1763485171.8112268,-0.9491533831574546,2.860107559535274,2.33293075610155,-0.5820086745772897,0.6097381585995127
1763485171.8128912,-0.950122078454034,2.8611224077878523,2.3322235362394164,-0.5803996560732646,0.6089141031710721
1763485171.814222,-0.9508945047922777,2.861932782649546,2.331710799231462,-0.5791563823100694,0.6082338891808019
1763485171.8155625,-0.9516707997821847,2.862748052817129,2.331232081647957,-0.5779395567066453,0.6075380819270294
1763485172.017559,-1.0684126049365927,2.9854686583911283,2.249418245737799,-0.3972922344107455,0.49268327595457356
1763485172.0191305,-1.0690369166500502,2.98624286919507,2.2487877392459508,-0.39600915951271054,0.4917262947368347
1763485172.0204732,-1.0695686672304505,2.9869031462021627,2.248097867591459,-0.39524760789103175,0.491474348109971
1763485172.0217845,-1.0700869562823172,2.9875476175887394,2.2472787132633005,-0.39441361109999745,0.4912607837058922
1763485172.0230799,-1.070597851331676,2.9881839615060795,2.2463764632664547,-0.393597994427469,0.4911519727748398
1763485172.221668,-1.1487617421417895,3.085720914729094,2.110694003020155,-0.22205738237985703,0.37053376793728887
1763485172.2232006,-1.1491020572104964,3.0862887779694077,2.1097286773460717,-0.22091656620096836,0.3694384978590148
1763485172.224541,-1.1493981714013566,3.0867839693611057,2.108785314235695,-0.21987286266161973,0.36848184532892153
1763485172.2258663,-1.1496895840513544,3.0872723437322014,2.107770461664958,-0.21915929038751913,0.36813450900122524
1763485172.427083,-1.193788092731844,3.1613471539402145,1.9266565455503268,-0.1161360269060785,0.3124591470210848
1763485172.4287012,-1.193976017883338,3.1618527587392067,1.9250334955794006,-0.1153395335636574,0.31186525512202634
1763485172.4300163,-1.194127702851127,3.162262898001228,1.9236431131256884,-0.1146799466871444,0.31141198998165043
1763485172.431356,-1.1942813365935632,3.1626800885462405,1.9222211352642478,-0.11424215519153337,0.31158878080805336
1763485172.6325808,-1.0876905568069384,3.2667649580661426,1.644194691546396,-0.03728247509539172,0.5070344590018367
1763485172.6340265,-1.0877444587007874,3.2674980134096243,1.6427864435962438,-0.03662548212730006,0.5078778924246742
1763485172.6353793,-1.0877940051775308,3.2681850640291352,1.641430708099642,-0.03593666914417863,0.5079238088751009
1763485172.6366787,-1.0878407006118236,3.268845050705916,1.6401647660328738,-0.03529231413460019,0.5079498358693547
1763485172.8360145,-1.09487572276093,3.3700976444674726,1.4603545270479303,0.06670927491806163,0.6015641531623849
1763485172.8381882,-1.0947307193326072,3.3714052417194558,1.4585605471344945,0.06791834752066331,0.6025967987860623
1763485172.8400064,-1.0946072315457915,3.3725008712178286,1.4570554443701158,0.06883192967899637,0.6025524502952916
1763485172.841641,-1.0944947190264607,3.373485802114403,1.4556979848376224,0.06964322413730448,0.6024015216689584
1763485173.0424964,-1.0805064948702603,3.4944814570618012,1.2950763719566387,0.11047377826863367,0.3904687505793415
1763485173.0440555,-1.0803342641411338,3.495090205297513,1.2940307778542326,0.11066710785060029,0.38959654872800603
1763485173.0453944,-1.0801860854498206,3.4956118590015977,1.2932501189495094,0.11078741468478381,0.3888648919760886
1763485173.0466957,-1.0800419190495432,3.4961178844543084,1.2926112111075696,0.11087653525086187,0.38823621807072134
1763485173.2464113,-1.0578981436983719,3.5736547192471284,1.1953566723069233,0.07797438938524479,0.19783703636121164
1763485173.2479765,-1.0577760967827659,3.573964377331929,1.1946292674648706,0.07754679100009973,0.19633337541795676
1763485173.249339,-1.0576704344582024,3.57423189376386,1.1938363940437722,0.0774459993910443,0.1956240897030435
1763485173.2506409,-1.0575696179325822,3.5744865504434373,1.193073436432963,0.07758853630715433,0.19554807519369266
1763485173.4511654,-1.0420112101645636,3.613698743853949,1.0800832466158212,0.19440046549390877,0.363838380726763
1763485173.452768,-1.0416996543190526,3.614281849321565,1.0791083534835761,0.19549497385059234,0.36503023196655554
1763485173.4541087,-1.0414375683477064,3.6147712189510313,1.0782840248923131,0.19643380132462418,0.3660578597758661
1763485173.4554636,-1.0411714137502028,3.615267202746461,1.0773191803123154,0.1971036419046691,0.3664570533026997
1763485173.656406,-1.008936124153926,3.57112727411494,0.9584172573092944,0.3205153289638726,0.45627167292064574
1763485173.6578486,-1.0084737260407801,3.571785523944433,0.957375846743817,0.3218185694886458,0.45711408906205847
1763485173.6591551,-1.0080532591979385,3.572382758958409,0.9564576842011265,0.322985597269368,0.45787804338916366
1763485173.6604745,-1.007627109282413,3.572986887102701,0.9555691866380087,0.3241564357900208,0.4586721307189706
1763485173.8597286,-0.9430376311721792,3.6643791603261073,0.8362964156921774,0.30692794895286474,0.339877683690896
1763485173.8611162,-0.9426117391379095,3.664850773284796,0.8354892683290224,0.3071774108817728,0.3396024528694475
1763485173.862342,-0.9422352287396782,3.665267027378491,0.834773747228984,0.30743196711846393,0.33939542663291206
1763485173.863721,-0.9418112760414921,3.6657350581048394,0.833896731022206,0.30770111532759037,0.3390943881404477
1763485174.064814,-0.8799346750801419,3.7339246326563043,0.7121543949611471,0.3419694503017939,0.2952159547528327
1763485174.0663888,-0.8793961570759049,3.7343895253729844,0.7113662393925577,0.3415787554240281,0.294409141681837
1763485174.0676982,-0.8789488956173199,3.734775023182899,0.7106855598846121,0.34179215141068575,0.29418782337342736
1763485174.0690336,-0.8784924723728313,3.735167876442633,0.7099780401459939,0.341951847352627,0.2939043582296171
1763485174.0703378,-0.87804651599842,3.735551171701993,0.7094570330531664,0.3425900440470721,0.2941426730669003
1763485174.270205,-0.8095739865191937,3.7943406584446504,0.6317914793016504,0.525450405503739,0.3845572715883519
1763485174.2718117,-0.8087297438790108,3.7949585276914273,0.631102982130972,0.5270617704539401,0.38517960176906346
1763485174.2731175,-0.8080414968380771,3.79546150236348,0.6306263599442191,0.5282958066789725,0.38569529996005764
1763485174.2744389,-0.8073434512599276,3.7959711276439507,0.6301544009339102,0.5295170172493658,0.3862038918706843
1763485174.4750073,-0.7011390504401628,3.8734314388223376,0.5576210968958641,0.7302068273706911,0.45538654779968246
1763485174.4765978,-0.6999776635341612,3.8741557267281195,0.5569844006602986,0.7318444345938626,0.4557608945201762
1763485174.4779146,-0.6990139811658203,3.8747558662078605,0.5563006628438264,0.7327105470813288,0.4556052919738891
1763485174.4791477,-0.6981104751372862,3.8753176734993895,0.5556612459462638,0.7330197652735504,0.4551478966875207
1763485174.6825485,-0.48650166546259277,3.92466738628542,0.43269219225722055,0.5932450729065972,0.2740101161678335
1763485174.684096,-0.4855835742206998,3.9250914374901122,0.4319283098254561,0.592063833697931,0.27291596249690264
1763485174.685484,-0.4847618875771099,3.9254701996918255,0.4311806290759825,0.5922706923219871,0.27247457793017715
1763485174.6868515,-0.4839519165566119,3.925842827469642,0.4304699128326318,0.592491670080951,0.2720661891054956
1763485174.8864696,-0.36567985444563783,3.9801521635178343,0.3252145090880355,0.42179378532934175,0.14222322777761892
1763485174.8880389,-0.36501794565337153,3.9803753503171775,0.32445274669766794,0.420414465232342,0.14140156362256787
1763485174.8893733,-0.364456932488397,3.980564040634235,0.323792402726787,0.4192731173520157,0.14070956842046797
1763485174.8906734,-0.36391183697101903,3.980746976653321,0.32302971493592136,0.4187747803856742,0.14018704787382993
1763485175.0896952,-0.28056651957743367,4.00864725753641,0.19469947271902716,0.6223882766991081,0.12273345807112723
1763485175.0912907,-0.2795735008673758,4.008843078416683,0.19374508750810776,0.6241168250002809,0.12245562909748307
1763485175.0926073,-0.2787518214879957,4.009004297056027,0.1929549160982457,0.6255199474506264,0.12221771420635236
1763485175.093952,-0.27791069683331604,4.009168640868046,0.19216280485552695,0.6269233838157813,0.1219764546072852
1763485175.2964087,-0.15098584941693233,4.033863592897416,0.06854665954718944,0.8462630461670382,0.05809952977573005
1763485175.2979755,-0.1496598509343689,4.033954628289625,0.06759099378924519,0.8479414442279195,0.05740064395121908
1763485175.2993038,-0.14853358975115621,4.03403086954144,0.0667480808399,0.8493275324017558,0.056775325001161094
1763485175.3006084,-0.14742553457506444,4.034104940132987,0.06600555641358977,0.8506664678277684,0.05623039754448483
1763485175.5001097,0.02228351122079919,4.0453229761940115,-0.0553070179007492,0.66288584446829,-0.03669966668954516
1763485175.5015254,0.023221978280996234,4.0452710193924055,-0.05618010273898936,0.6614355837954252,-0.03719866281206243
1763485175.5027568,0.024036491199064015,4.04522521177011,-0.0569550881124085,0.6614485335897134,-0.03771364787603044
1763485175.504145,0.024954630027951792,4.0451728624749865,-0.05780378790774279,0.6614439739305263,-0.03827660760872776
1763485175.7044926,0.15747338373043163,4.037504233632356,-0.17544641867357408,0.45173168961556437,-0.08007803744260578
1763485175.7064729,0.18223773633118143,4.086157573872587,-0.16449387669227794,0.4734705721956086,-0.07859315597183086
1763485175.7077696,0.18285171339201725,4.086055657517614,-0.1652619564873836,0.47217674551051786,-0.07875109880447205
1763485175.7090695,0.18346547615611908,4.085953292264479,-0.16604968128154962,0.4708250735334666,-0.07890691015733897
1763485175.9089613,0.27757955024945447,4.070180447514961,-0.30324938943212937,0.546816759035609,-0.17109905380888657
1763485175.9105902,0.27847024679832916,4.0699017484183715,-0.3044865067532701,0.5466063578488484,-0.17177592928318247
1763485175.9119375,0.27920669139752935,4.069670314126442,-0.30542230387174024,0.5464115636362785,-0.17227670757544147
1763485175.913272,0.27993583871772176,4.0694404231284835,-0.30636366277667004,0.5462251325611304,-0.17278340413772664
1763485176.1135669,0.38934198605810066,4.034832776126908,-0.4384142393877385,0.5199975831048125,-0.2437981374941673
1763485176.1151223,0.3901508125599889,4.034453562066838,-0.4394689283789547,0.5211242656722122,-0.24499714848938783
1763485176.1164331,0.390833915456838,4.034132413594435,-0.4405202530908382,0.5214480602504331,-0.24581908499295188
1763485176.1177351,0.39151284284432053,4.033812356196796,-0.4416902623237806,0.5217227247302744,-0.24669505449418289
1763485176.1190057,0.39217570857844175,4.033498922085821,-0.44279652502864053,0.5214299103979229,-0.2472627782944263
1763485176.3185332,0.49621531609947583,3.984163197580334,-0.6248504335387197,0.3041505513573767,-0.21937072753325093
1763485176.320072,0.4966833288277999,3.983825640103456,-0.6260835311205247,0.3032728673108531,-0.21930670412613246
1763485176.3214154,0.4970907724959977,3.983531004026111,-0.6270421926578181,0.30251174204464165,-0.21919827264549888
1763485176.3227375,0.49749070240323323,3.983241217109898,-0.6278434236968939,0.30177272284656315,-0.21903173601442721
1763485176.52405,0.5582413363341694,3.9391473815625564,-0.7502643885567679,0.11982533118023707,-0.11168804393671233
1763485176.5256753,0.5584360883794803,3.9389658550457574,-0.7510723408313623,0.11913923130371172,-0.11122856017636676
1763485176.5269923,0.5585929976339649,3.9388193643368306,-0.7515606158525205,0.1186061446593263,-0.1108393087061729
1763485176.5283337,0.5587520891470867,3.938670690814172,-0.7520965719721119,0.11850689076744945,-0.11086559696646112
1763485176.7286797,0.7632009135329358,3.7896117665842772,-0.8772198512412581,0.28599226217836593,-0.34400257587006183
1763485176.7300136,0.7635824134687745,3.789152883677365,-0.8777241006095144,0.2866675784318328,-0.3451687798603948
1763485176.7312186,0.7639278385837387,3.78873696651604,-0.8781023417217151,0.2869438960819937,-0.3457674934580786
1763485176.7324395,0.7642781803071417,3.788314804618858,-0.8784261539596749,0.286803542875918,-0.345826177551977
1763485176.932422,0.8216338424904891,3.7191556540207396,-0.9361738848601703,0.3858210322071896,-0.5240577850468461
1763485176.9339716,0.8222317573553503,3.7183435107896328,-0.9367088820878542,0.38646440680273286,-0.5255203198431788
1763485176.935336,0.8227590762621658,3.7176264543267576,-0.9371041413132171,0.38706335659298313,-0.526770900121869
1763485176.9366682,0.8232746619167309,3.7169247719930545,-0.9373978993881785,0.3873384991367027,-0.5274700131462425
1763485177.1366389,0.9007310213243751,3.6114462125261553,-0.9795532220929428,0.25483312096542676,-0.3795788465411964
1763485177.1380136,0.9010813459015843,3.6109243973145833,-0.97980994624003,0.25398157340433697,-0.37852039776150215
1763485177.1392071,0.9013844788543846,3.6104726243598346,-0.9800277228328211,0.253231151349181,-0.3775797053404698
1763485177.1406462,0.9017489024225245,3.609929251466159,-0.9803041100563245,0.2522933308878991,-0.37640622048781314
1763485177.3422296,0.9526070461937868,3.5340520112291887,-1.0253478227931574,0.12900090068714812,-0.212571033774801
1763485177.3438647,0.9528179722918741,3.5337044417278776,-1.0256799151147564,0.12811437142980045,-0.2112683461009874
1763485177.3451965,0.9529885958038578,3.533423073238297,-1.025940288890694,0.12738017927395523,-0.21018103116860712
1763485177.346554,0.9531615214527344,3.5331377408466835,-1.0262239257189172,0.12661650014381237,-0.20905469080978276
1763485177.5471573,0.9785612024659615,3.491200691134709,-1.0838423930231893,0.06996349836077066,-0.13213579448769175
1763485177.5487874,0.9786752477135859,3.4909853008275418,-1.0845324227238873,0.0695038966515406,-0.13148708875751985
1763485177.5501192,0.9787678134328794,3.490810185509768,-1.085182566404216,0.06910776013900984,-0.13094366250496486
1763485177.5515063,0.978863674140279,3.4906285510291837,-1.0860292814455206,0.06867781229477846,-0.13039635802476382
1763485177.7527928,1.1291947812947876,3.2734890689554326,-1.2510439396353306,0.11225402670576062,-0.33901863321585246
1763485177.7541668,1.129349019031467,3.2730232552272853,-1.2521796395116007,0.11208403767180307,-0.3397980266863292
1763485177.7554102,1.1294883790436308,3.2726007663687837,-1.2533349512957648,0.11188348404298931,-0.34051191984279366
1763485177.7566164,1.1296233283810593,3.2721900546505855,-1.2545421611887795,0.11165654269631954,-0.3412096615737686
1763485177.8969283,1.1452900763322698,3.2243142594906637,-1.3957722250591937,0.08708756353268024,-0.49248347804370934
1763485177.8985474,1.1454310798560845,3.2235168792103135,-1.3974307845619602,0.08656213593106783,-0.4942918079504855
1763485177.8998647,1.1455451049246106,3.2228657670737286,-1.398748776458538,0.08612343409785678,-0.49563036943918876
1763485177.9407322,1.149064760143247,3.2026105597125216,-1.4413730016644333,0.06484887235258922,-0.4982593814013151
1763485178.1619096,1.163407861203259,3.09240687532644,-1.6591832080818056,-0.024922463462105204,-0.2812355089221227
1763485178.1635556,1.163366837784894,3.0919439499033907,-1.660791597379737,-0.02522925669616787,-0.27958255910173135
1763485178.164872,1.1633336282878668,3.0915759328715304,-1.6620011139580821,-0.025505159247855798,-0.2788713270671969
1763485178.1661918,1.163299964404277,3.091207854719197,-1.6632183019691513,-0.02572308575449155,-0.27752927045743375
1763485178.3663936,1.1581501576259303,3.0356460091524475,-1.851369017384033,-0.07648559929708952,-0.2654142073543535
1763485178.36783,1.158040288208796,3.035264749091348,-1.8526508490322209,-0.07683090707893775,-0.26533374820272915
1763485178.3690317,1.1579479659136838,3.0349459161953676,-1.8537142917829006,-0.07711252519966605,-0.2652501536472039
1763485178.370204,1.1578575665801099,3.034634962338546,-1.8546441365884332,-0.07752403623859944,-0.26574360486184506
1763485178.3714254,1.157762877297299,3.0343103782150043,-1.8556296465745532,-0.0777866545502342,-0.2656696811191699
1763485178.5727947,1.142099034242588,2.9808126643268418,-2.0154969282806876,-0.20885243995256747,-0.438272369644056
1763485178.5743713,1.1417697445236248,2.9801216569081004,-2.0167408877652173,-0.2100829856831817,-0.43944616795506136
1763485178.575686,1.1414935610178376,2.9795439433780118,-2.01779950632225,-0.21110697191634836,-0.4403894393249527
1763485178.5770142,1.1412131624247586,2.9789590049552177,-2.018865588006182,-0.21214442289498667,-0.44134596719404645
1763485178.7775376,1.077392556793152,2.796867344057358,-2.204325668910308,-0.43918099899862895,-0.5979040304299805
1763485178.778968,1.076764303334654,2.7960120354811124,-2.2053476066449935,-0.44023780331124585,-0.5980608091253264
1763485178.7802923,1.0761813506541638,2.7952200972396586,-2.2062023070959125,-0.4411691713249798,-0.5982543632175229
1763485178.7818334,1.075501448214225,2.7942981048891187,-2.2069715203253644,-0.4420682047044882,-0.5985091595225558
1763485178.9828553,0.9866360534808021,2.673984650660726,-2.2675888326139524,-0.4806943871722067,-0.5744297917434534
1763485178.9845018,0.9858445811798408,2.673038841262604,-2.2678705046199137,-0.4813394293420233,-0.5748715366475556
1763485178.9858444,0.9851983661399617,2.6722670560932738,-2.2680053336616233,-0.4818792129746291,-0.5753585885916583
1763485178.98713,0.9845788848824374,2.6715274021459954,-2.2680029298500255,-0.48232611015568877,-0.5758949913228305
1763485179.1915555,0.8859790932726682,2.553799738356009,-2.2795723634134077,-0.35436099101496493,-0.4132958722696059
1763485179.1931138,0.8854268911821012,2.553155697814085,-2.2797221273294657,-0.3539296160361067,-0.41266766675699307
1763485179.1944592,0.8849507156775855,2.552600496368622,-2.2798295882324786,-0.3539558820878982,-0.412608557672744
1763485179.1958153,0.8844707073001966,2.5520409476387154,-2.2799838121402014,-0.3540236805352406,-0.4125588220983415
1763485179.3899403,0.8157458825994303,2.4719529922663606,-2.2983662564133303,-0.4821290647871382,-0.5413830264895407
1763485179.3913777,0.8150528579327391,2.4711747944374225,-2.2983862842502774,-0.48260956549698997,-0.5419007284574753
1763485179.3925939,0.8144659211266325,2.470515749309587,-2.2985276977604046,-0.48306240377780535,-0.5422547858240541
1763485179.3939698,0.813801268985967,2.4697696535642644,-2.298642635286819,-0.48313466741735994,-0.5422104172462573
1763485179.5951488,0.7166047064156877,2.360688289091185,-2.3246813306682537,-0.6353842988241317,-0.6767474077995456
1763485179.596774,0.7155720166618968,2.3595883718989716,-2.324855665937523,-0.636612005508609,-0.6778181932182679
1763485179.5980892,0.7147347974659622,2.358696961749924,-2.3249777049443794,-0.637583581294544,-0.6786866590645757
1763485179.5994387,0.7138744108392115,2.3577811086094966,-2.3251012565251084,-0.6385991113872389,-0.679599378785285
1763485179.8020449,0.584490270809308,2.220090060155044,-2.324946195061952,-0.7058447007673708,-0.7513958094901193
1763485179.8127577,0.6043789534779984,2.161627278448133,-2.3054026973395882,-0.7032331972146374,-0.778560967647202
1763485179.814074,0.6034532813088324,2.1606024516586633,-2.3053890786057796,-0.7032721732156484,-0.7786254360343168
1763485179.8153806,0.6025344324344489,2.1595851511984514,-2.305505216501491,-0.703820343582263,-0.7790504291937056
1763485180.0068429,0.46777938589178536,2.010426381062945,-2.322285106868954,-0.5848281200806195,-0.6258988685265096
1763485180.0083432,0.4669019284257392,2.0094873023553363,-2.3224343836500227,-0.5838907066673942,-0.6247086585312832
1763485180.0095322,0.4662076861976722,2.0087445278496983,-2.3226381877535487,-0.5835905328425942,-0.6241324693942816
1763485180.0106997,0.46552632336862354,2.0080158308590597,-2.3229617364302184,-0.583405959832923,-0.6235305563850542
1763485180.211689,0.34826799917496654,1.8826928942435535,-2.407905262569861,-0.5545315233072589,-0.4999545775718369
1763485180.2132406,0.3474075724739731,1.8819171506658734,-2.4087085439604468,-0.5543150495750325,-0.49895278519331077
1763485180.2145715,0.34666986089972196,1.8812531181000534,-2.409537164218646,-0.5542346530461558,-0.4980496918151683
1763485180.2158864,0.34594110969057035,1.8805982432864108,-2.410501534259453,-0.5542161442088024,-0.4970678265764394
1763485180.414431,0.2359044090596934,1.7819080405599714,-2.571099771476117,-0.546381896363422,-0.3505936749200159
1763485180.4159985,0.23504802988767984,1.7813585327467742,-2.5723650356545362,-0.5481560690677361,-0.3507537670827424
1763485180.4173157,0.23432596437178035,1.780896497910212,-2.573465930556522,-0.5496427587060293,-0.35085281513579675
1763485180.4191654,0.2333093169084488,1.7802475425317217,-2.5752266519502296,-0.5510427678218861,-0.3503824455439477
1763485180.4205487,0.23254705691515729,1.7797628568844615,-2.576652507386211,-0.5521299959541044,-0.3499692106290414
1763485180.6191986,0.12286649766886329,1.710241514044816,-2.77032163502634,-0.7940912890647761,-0.30916047374071015
1763485180.6208773,0.12153345248036358,1.709722524745135,-2.7719782588793076,-0.7961634100755538,-0.30844932026286803
1763485180.622189,0.12048906202076988,1.7093179073973972,-2.7732712289579076,-0.7977894930420284,-0.30789354745066444
1763485180.623517,0.11942960436671235,1.7089090273879128,-2.7745925761216963,-0.7994534951020028,-0.30732266519906626
1763485180.8245976,-0.24934317118796664,1.3851536743385466,-2.975224220030722,-1.2035539098174286,-0.20210144707498306
1763485180.8261266,-0.25118337905646143,1.3848446656019142,-2.9767495509568396,-1.2053873790686287,-0.20051934823845532
1763485180.8275244,-0.25286832754934113,1.3845643700060961,-2.978133002519647,-1.2070127584129737,-0.1990740745037437
1763485180.8288665,-0.2544882088972612,1.3842972010156316,-2.9794983759113527,-1.208625488483029,-0.1976453296071339
1763485181.0279117,-0.49505928834524293,1.3449568505559384,3.118332838920379,-1.3242432603237493,0.030807208774286422
1763485181.029472,-0.4971257032114088,1.345004923652554,3.1171150510535783,-1.3250015695733603,0.03243934074839771
1763485181.0307891,-0.49887076238459305,1.345047647050356,3.1161583260662775,-1.3256443605153962,0.03372414526494411
1763485181.0323365,-0.5009219803935273,1.3450998296538987,3.1152577821038414,-1.3264086027889026,0.03493887746608275
1763485181.2336721,-0.7679753432248636,1.3521342719074028,2.9896063834869953,-1.1120781294562534,0.17033419464163221
1763485181.2352662,-0.7697480698497207,1.352405795961304,2.9886673391027623,-1.1104011537579868,0.1711446687144111
1763485181.236612,-0.7712425286474053,1.352636134929317,2.9878416303418986,-1.1088880648905146,0.1718489475471872
1763485181.237928,-0.7727016392007011,1.3528622592973916,2.9869999386251345,-1.10742780347844,0.17257726891344105
1763485181.4388962,-0.9952594840692786,1.387544813701425,2.8745620767887026,-0.8845892415433373,0.24199166971927713
1763485181.440493,-0.9966721090816423,1.3879312568881323,2.8735480916868505,-0.8828268616618405,0.24247197907729318
1763485181.4418082,-0.9978331295915831,1.3882501358813075,2.872776586707932,-0.8813776330590622,0.24280537966435348
1763485181.4431176,-0.9989872009132518,1.3885680639916964,2.87199532565042,-0.8799485651756545,0.2431514963653122
1763485181.6421316,-1.174109239293457,1.4369586033525856,2.79466120352166,-0.8600425872564489,0.31095265750735773
1763485181.6435785,-1.1753536885422617,1.4374085401426733,2.7942592090857334,-0.8592658567485294,0.3110624576347616
1763485181.6447768,-1.1763833397540047,1.437781283728277,2.7940108627860805,-0.8586220830154512,0.3110706074184191
1763485181.646135,-1.1775495809246348,1.4382038018029,2.793833079109057,-0.8579270076348328,0.3109913443896517
1763485181.8485498,-1.400269696671916,1.484297233768416,2.8227843681383704,-0.892488493137245,0.29458130231793433
1763485181.8500297,-1.401590458370854,1.4847331740682814,2.823119169408375,-0.8918624648324648,0.2940435802593054
1763485181.8513856,-1.4027997226105233,1.485131863777214,2.8235314784886993,-0.8913584200435269,0.29346999012119596
1763485181.8526793,-1.4039528366402065,1.485511513932853,2.8240597730453803,-0.8909143250854171,0.292802182882748
1763485182.0529037,-1.5823356224457616,1.5441376551923558,2.9055142182622586,-0.720365123682752,0.17329409850456862
1763485182.0544505,-1.583449926254559,1.544405716856722,2.906176231367844,-0.7189964646391468,0.17246139727583318
1763485182.0557334,-1.5843723486579477,1.5446269728216548,2.9066512208759328,-0.7178450845000179,0.17182467718833522
1763485182.0569935,-1.585276863750698,1.54484347916429,2.90712079798076,-0.7166897103092066,0.17119234184429447
1763485182.2595813,-1.730469486220454,1.5795249664265925,2.992003490614867,-0.532567863236131,0.08026597766132106
1763485182.2609868,-1.7312179983821325,1.5796377784541216,2.99256346702092,-0.531262189637584,0.07976496679921323
1763485182.262151,-1.7318364927192145,1.5797306406626979,2.993010204535316,-0.5301711819027178,0.07935898999159298
1763485182.2633216,-1.7324571297791753,1.5798235410916746,2.993447963727027,-0.5290092857488601,0.07894831899246041
1763485182.4684157,-1.8409538126261709,1.5960153754465347,3.0730237529651934,-0.3293565016063991,0.022619073667134705
1763485182.4699373,-1.841454957319844,1.596049792343389,3.0736048677387533,-0.3278649858035558,0.022325223297856543
1763485182.4712393,-1.8418818387970743,1.5960788598703086,3.074120789121006,-0.32658966711639975,0.022069113455162184
1763485182.472526,-1.8423020764416103,1.5961072571932775,3.074639256682943,-0.32531478503662714,0.021813534594959945
1763485182.4737732,-1.842707798497171,1.5961344623265883,3.0751289159002995,-0.32409047328583546,0.021572037873624092
1763485182.667348,-1.9054435039338717,1.6003102623739887,-3.1322002191324745,-0.5152761966729238,-0.004839840225563348
1763485182.6688757,-1.9062307358246169,1.6003028681326161,-3.131712218473902,-0.5160445789752619,-0.005098910904208877
1763485182.6701536,-1.9068902013624767,1.600296352114119,-3.1313374697206933,-0.5160977724730313,-0.005292863100458352
1763485182.6714444,-1.9075563794316317,1.6002895200960234,-3.1309726160878903,-0.5160966271872165,-0.005481171601888722
1763485182.8743846,-2.1652600680442435,1.6188911388681462,-3.0766329359700677,-0.7909210747520333,-0.05145039957269045
1763485182.8757815,-2.1663649013078725,1.6188192680902778,-3.0762506863437262,-0.7923273140927548,-0.05184603321909277
1763485182.8770437,-2.1673649673023276,1.6187538286514909,-3.0758500914133746,-0.7935793642464574,-0.05224723471450301
1763485182.878362,-2.1684110765745497,1.618684955493814,-3.075339627790918,-0.7942273324481788,-0.05269709050313854
1763485183.0780458,-2.32700549149583,1.6081621946985674,-2.9855995032175473,-0.589694225916682,-0.0927417381591177
1763485183.0796509,-2.32795197070403,1.6080133410672408,-2.984922145090205,-0.5880468932400748,-0.09289087462682094
1763485183.0809472,-2.3287142451978546,1.6078929283157222,-2.984259893874009,-0.5873720438210512,-0.09318300800654018
1763485183.0822082,-2.329454918916252,1.60777542492795,-2.983441970916299,-0.5866632956094181,-0.09356255543202126
1763485183.28161,-2.446436668596182,1.589118877772407,-2.8546695936309754,-0.3774831920029153,-0.11138204327468168
1763485183.2831452,-2.4470161721975674,1.588947886595648,-2.853744891281404,-0.37593234105761747,-0.11130243576963075
1763485183.2844596,-2.4475102982781403,1.5888015904930293,-2.852996648435014,-0.3745992817253646,-0.11121268488966121
1763485183.2857304,-2.4479863281919463,1.5886602646352799,-2.8522785401171733,-0.3733059951222444,-0.11112049280759782
1763485183.4864469,-2.5229149992872184,1.5663565487391595,-2.736882792732795,-0.5398708800959969,-0.2312569874304143
1763485183.4879932,-2.5237498463865946,1.5659989368873544,-2.7359457218528465,-0.5410687502016132,-0.2323703958331798
1763485183.4892979,-2.5244557389974074,1.5656957803193041,-2.7353138646706685,-0.5415572600092533,-0.23298560405479118
1763485183.4905672,-2.5251431595688034,1.5654000422526337,-2.7346602849013752,-0.5425702292014529,-0.23384176219138098
1763485183.6903849,-2.63355827178118,1.5186743291127307,-2.6416933020366855,-0.6917374209264281,-0.37780747951857546
1763485183.6919158,-2.6346172427045484,1.5180959490463386,-2.640942979169036,-0.6928181742702744,-0.37907294003661374
1763485183.6932113,-2.635514834762488,1.5176048348218667,-2.640332513492177,-0.6937361138710411,-0.3801256568178738
1763485183.6948369,-2.6366425290889777,1.516986926170471,-2.639521347421494,-0.694788891786866,-0.3814356418985383
1763485183.8948383,-2.5690857845080695,1.4368354698481882,-2.5091661790117974,-0.6482259084030094,-0.47504440439409074
1763485183.896106,-2.5699075220728664,1.4362332695550852,-2.5082845769450492,-0.6483398839194047,-0.4760070424315398
1763485183.8973184,-2.5706935424256425,1.4356561783831614,-2.507406112801277,-0.6479432719830374,-0.47659243201158624
1763485183.8984902,-2.571452820051155,1.435097694352596,-2.5064559990864046,-0.6479347185846618,-0.47753547957080467
1763485184.101058,-2.7027035407632933,1.3383643752981778,-2.3458373104242107,-0.42378500536817154,-0.4326556322020042
1763485184.102652,-2.7033790822943535,1.3376746933969845,-2.3445619973912226,-0.4221249173176373,-0.4320616850217474
1763485184.1039388,-2.703922249451232,1.3371187401532372,-2.3434419543513263,-0.4211792736610089,-0.4320608386601497
1763485184.105197,-2.7044521497701193,1.33657514935829,-2.3423123330879836,-0.42070356292874866,-0.4325493143795783
1763485184.305709,-2.7888082341291884,1.2498438504854041,-2.1636936778865468,-0.4503374499495502,-0.6683943972494937
1763485184.3072643,-2.7895087082778125,1.248804201225919,-2.162371915889135,-0.4494895864154005,-0.6690426183262951
1763485184.3085496,-2.790086443787772,1.2479442710073663,-2.161230709630854,-0.44872610133723173,-0.6695556249494575
1763485184.3098178,-2.7906554950852014,1.247095175097984,-2.160089957418265,-0.4479854693347393,-0.6701021615381865
1763485184.5102313,-2.8804378154881656,1.112797678665157,-1.9834296074724627,-0.4043583059963404,-0.923686973022662
1763485184.511604,-2.8809929243038184,1.1115296280921263,-1.9822219803422922,-0.40379949781621105,-0.9254510770998149
1763485184.512763,-2.8814609088273255,1.110457074055561,-1.9811968289765318,-0.40330210997434873,-0.9269023396822128
1763485184.5141313,-2.8820127407425,1.1091888082056283,-1.9799788418844457,-0.4027189718185727,-0.9286521877438552
1763485184.7162287,-2.9634012042906326,0.9215106007703587,-1.797632292769147,-0.27414660944191843,-1.1877674195180832
1763485184.7178268,-2.9638393233976617,0.9196124062157843,-1.7961512138437048,-0.2720290806424822,-1.1866103032955486
1763485184.7191033,-2.964186566634623,0.9180977063838589,-1.795097484824795,-0.27063746278907225,-1.1862778037047543
1763485184.7204177,-2.964542292955928,0.9165384609090854,-1.79419383107819,-0.2694155951039023,-1.1858626396203005
1763485184.7216678,-2.96487907015785,0.9150560986817577,-1.7933244126912562,-0.2683978946488408,-1.186155699266921
1763485184.9206285,-2.9542326020811047,0.6319769402139213,-1.631937680969104,-0.06171826468642691,-1.0081775245611566
1763485184.9300416,-2.954813556348627,0.62248696122165,-1.625227384655086,-0.05443950301486739,-0.999167224840036
1763485184.931498,-2.9548928474357576,0.6210316750581893,-1.624338605320302,-0.05351430265986294,-0.9985222243812151
1763485184.932787,-2.9549618215301914,0.6197446889110229,-1.6235779985043193,-0.052754884999731494,-0.9985641636814312
1763485185.1249933,-2.9651016471484595,0.4278142830645733,-1.5053804372221704,0.05269352404426657,-0.8043663430361723
1763485185.1264803,-2.9650232909993908,0.42661817689737214,-1.504482403172483,0.05332074464985835,-0.8028866163360633
1763485185.12765,-2.9649609227081912,0.4256790552362468,-1.503788641989808,0.053800120827929405,-0.8016927534304673
1763485185.1288002,-2.9648990455092865,0.4247570033672004,-1.5031064021650333,0.05434767206018095,-0.8016649644996441
1763485185.2968779,-2.9557644133928274,0.29001499411886034,-1.405202415389409,0.1603000548062943,-0.959166636094866
