timestamp,P_trace,P_px,P_py,P_theta,P_v,P_b_g,innovation_norm,mahalanobis,gyro_bias,outliers_rejected,slip_magnitude
1763485817.8618138,21.6,10.0,10.0,0.5,1.0,0.1,0.0,0.0,0.0,0,0.0
1763485817.863668,21.770455782501678,10.010003437988255,10.01,0.5004503445113894,1.15,0.1000020000020359,0.0,0.0,0.0,0,0.017920125136512283
1763485817.8651266,21.94091639444561,10.020011293963863,10.02000000000001,0.5009011004731987,1.2999999999999998,0.10000400000853495,0.0,0.0,0.0,0,0.0321575230429049
1763485817.8664389,22.111380947968843,10.030022801369562,10.030000000000047,0.5013521465780313,1.4499999999999997,0.10000600002120248,0.0,0.0,0.0,0,0.013858026668427673
1763485817.867688,22.281849613075945,10.04003814784102,10.040000000000097,0.5018034651931901,1.5999999999999996,0.10000800004163612,0.0,0.0,0.0,0,0.01166049793259149
1763485818.0687807,22.524127157436364,10.117574289319169,10.050000000008964,0.5065428424403206,1.7499999999999996,0.10001002566790983,0.0,0.0,0.0,0,0.018681805692083907
1763485818.0703151,22.69566521209744,10.128587456859494,10.060000000025044,0.5070657035333757,1.8999999999999995,0.10001205167952792,0.0,0.0,0.0,0,0.006264541234750415
1763485818.07157,22.867013813371575,10.139422329617878,10.070000000129085,0.5075774056161457,2.0499999999999994,0.10001407800846182,0.0,0.0,0.0,0,0.012059880434339322
1763485818.0728579,23.038392764207682,10.150285723048272,10.080000000326562,0.5080909361676949,2.1999999999999993,0.10001610466515479,0.0,0.0,0.0,0,0.03595542656929518
1763485818.2687972,23.437323509912183,10.37661660667432,10.090001192360107,0.5206875041915188,2.349999999999999,0.1000182066862404,0.0,0.0,0.0,0,0.024272495443889694
1763485818.2703571,23.61033955113146,10.389017050836552,10.100001459064252,0.5213007317088163,2.499999999999999,0.1000203095218415,0.0,0.0,0.0,0,0.016254276919427074
1763485818.271698,23.783010657920574,10.401089750031083,10.110001771376318,0.5218967234527448,2.649999999999999,0.10002241306042942,0.0,0.0,0.0,0,0.008021094539472922
1763485818.2731934,23.955944994666797,10.41341220410187,10.120002212458155,0.5225060607206266,2.799999999999999,0.10002451738614147,0.0,0.0,0.0,0,0.01037648407060344
1763485818.478789,24.587092845908955,10.861888455881974,10.130989663445797,0.5441879626066285,2.949999999999999,0.10002676397455706,0.0,0.0,0.0,0,0.011516753994697536
1763485818.4802098,24.761687946990378,10.875742339200011,10.141016352081463,0.5449002439078992,3.0999999999999988,0.10002901180100521,0.0,0.0,0.0,0,0.021558473262735772
1763485818.4814224,24.935699521835133,10.889041264503502,10.151039498246806,0.5455874983977046,3.2499999999999987,0.10003126068712075,0.0,0.0,0.0,0,0.006257946053791562
1763485818.4826074,25.109641897128792,10.902273966436606,10.161062444099468,0.5462719759813071,3.3999999999999986,0.10003351061141559,0.0,0.0,0.0,0,0.038548470244147814
1763485818.6804507,25.989774440143965,11.585865029049883,10.17850564602393,0.5753677906030727,3.5499999999999985,0.1000359744670804,0.0,0.0,0.0,0,0.02452060366991974
1763485818.6820002,26.167100266419332,11.602191214474127,10.188635778787123,0.5762348328121402,3.6999999999999984,0.10003844034594345,0.0,0.0,0.0,0,0.02408351584626825
1763485818.6833594,26.34361863043936,11.617754932293138,10.198751083039694,0.5770717071020973,3.8499999999999983,0.10004090800443033,0.0,0.0,0.0,0,0.028053252757294887
1763485818.6846538,26.51987028452892,11.633066161444626,10.208861874875154,0.5778988708472876,3.9999999999999982,0.10004337736185506,0.0,0.0,0.0,0,0.020711417907614292
1763485818.8843584,16.34553392423782,6.284686006563865,5.379966427417767,0.615241652329232,3.9655960237462997,0.10004381418065551,0.1330025468302397,0.028176516673030415,2.8054378937381578e-05,0,0.1400868637816598
1763485818.885801,16.521906641525042,6.299806261195786,5.390195040200826,0.616262714173028,4.1155960237463,0.10004660220910265,0.1330025468302397,0.028176516673030415,2.8054378937381578e-05,0,0.24049672782818282
1763485818.8871534,16.697943784847055,6.314621054380213,5.400410763138772,0.6172665508026924,4.2655960237463,0.10004939277907847,0.1330025468302397,0.028176516673030415,2.8054378937381578e-05,0,0.42535815477927963
1763485818.888515,16.87403555705106,6.329484411133241,5.410629375871048,0.6182735603865979,4.415596023746301,0.1000521859138693,0.1330025468302397,0.028176516673030415,2.8054378937381578e-05,0,0.6188803200744829
1763485819.0905616,18.03906329219756,7.242539081209676,5.466140874864637,0.6647318839461602,4.565596023746301,0.10005542843078652,0.1330025468302397,0.028176516673030415,2.8054378937381578e-05,0,0.6450679638263306
1763485819.092124,18.219072988715332,7.26087621191085,5.476539669938662,0.6660024081376701,4.7155960237463015,0.10005867498184877,0.1330025468302397,0.028176516673030415,2.8054378937381578e-05,0,0.7334665613627476
1763485819.093488,18.397944712646687,7.278172335276217,5.486888645464533,0.6672257830975177,4.865596023746302,0.10006192506211718,0.1330025468302397,0.028176516673030415,2.8054378937381578e-05,0,0.8889886674194277
1763485819.0948186,18.576639674218434,7.295306109821549,5.497229856552041,0.6684425055067944,5.015596023746302,0.100065178591747,0.1330025468302397,0.028176516673030415,2.8054378937381578e-05,0,0.9258889766081169
1763485819.2927284,20.119676313077015,8.561528806501695,5.570217773887465,0.7222646930106588,5.165596023746303,0.10006901593089396,0.1330025468302397,0.028176516673030415,2.8054378937381578e-05,0,0.7943391325727766
1763485819.2943177,20.303011214620682,8.582830990271715,5.580696586079469,0.7238147560230883,5.315596023746303,0.10007285850010736,0.1330025468302397,0.028176516673030415,2.8054378937381578e-05,0,0.7243285120742085
1763485819.2957113,20.484858921152373,8.602757805776182,5.591117602662536,0.7253107833056731,5.465596023746303,0.10007670566167638,0.1330025468302397,0.028176516673030415,2.8054378937381578e-05,0,0.6911653612032003
1763485819.2970333,20.66617302542211,8.622190167443271,5.601518086184528,0.7267881908625772,5.615596023746304,0.10008055718543386,0.1330025468302397,0.028176516673030415,2.8054378937381578e-05,0,0.6286470651284712
1763485819.498118,22.627741486508622,10.278313610862988,5.693834325786699,0.7899124061593971,5.765596023746304,0.10008511995323,0.1330025468302397,0.028176516673030415,2.8054378937381578e-05,0,0.6004888101971886
1763485819.49964,22.81361680628708,10.30144606199611,5.704725228765476,0.791759803467065,5.915596023746304,0.10008968831212339,0.1330025468302397,0.028176516673030415,2.8054378937381578e-05,0,0.5258146061282922
1763485819.50082,22.99624294409219,10.321635564261909,5.71542010497361,0.7934969901049116,6.065596023746305,0.10009426100545125,0.1330025468302397,0.028176516673030415,2.8054378937381578e-05,0,0.5345853909195606
1763485819.501995,23.178838404721585,10.341792778499432,5.726116362677784,0.7952344017823122,6.215596023746305,0.10009883801574959,0.1330025468302397,0.028176516673030415,2.8054378937381578e-05,0,0.5153479400152154
1763485819.702877,25.530241354674803,12.29067235423291,5.907084091650063,0.8667847686154759,6.365596023746305,0.10010411643005017,0.1330025468302397,0.028176516673030415,2.8054378937381578e-05,0,0.7558334879772419
1763485819.7044516,25.72005428038631,12.315915975454944,5.919468759315872,0.8689641221457555,6.515596023746306,0.1001093997234367,0.1330025468302397,0.028176516673030415,2.8054378937381578e-05,0,0.6692071140929243
1763485819.7057595,25.906804335375195,12.338585197156489,5.931461382768375,0.8710470446456968,6.665596023746306,0.10011468705833065,0.1330025468302397,0.028176516673030415,2.8054378937381578e-05,0,0.5681818398406447
1763485819.707057,26.093452541016134,12.361160420306483,5.943448282172332,0.8731278363991696,6.8155960237463065,0.10011997839184136,0.1330025468302397,0.028176516673030415,2.8054378937381578e-05,0,0.6021746161176713
1763485819.9078116,17.543220369912948,6.9500265452505765,4.1235601593389735,0.941449052035195,5.428313194212811,0.09987141907539293,0.06762970031270367,0.016058220037485204,-0.00021454564910100422,0,0.5294390963333924
1763485819.9092927,17.72651401349856,6.9682549958543465,4.1362593793676705,0.9438092855798715,5.578313194212812,0.09987715848385861,0.06762970031270367,0.016058220037485204,-0.00021454564910100422,0,0.439246579259596
1763485819.9106133,17.908579176813653,6.9856002478572465,4.148677581479542,0.946105253873106,5.728313194212812,0.09988289939094622,0.06762970031270367,0.016058220037485204,-0.00021454564910100422,0,0.35576414065562423
1763485819.9119077,18.090459626032363,7.002808124375236,4.161058256148033,0.9483914095503583,5.878313194212812,0.09988864174591891,0.06762970031270367,0.016058220037485204,-0.00021454564910100422,0,0.34731713515626017
1763485819.9131904,18.272268347871616,7.01995977037099,4.173427357821393,0.9506736399512371,6.028313194212813,0.09989438551518232,0.06762970031270367,0.016058220037485204,-0.00021454564910100422,0,0.3221687095177676
1763485820.1114414,20.251711332210334,8.272943785059201,4.663517118695705,1.0370371456495342,6.178313194212813,0.09990008859308086,0.06762970031270367,0.016058220037485204,-0.00021454564910100422,0,0.25160874766102026
1763485820.1130135,20.439208181274136,8.293216617596036,4.678287794869621,1.0394847853137348,6.3283131942128135,0.09990578928192856,0.06762970031270367,0.016058220037485204,-0.00021454564910100422,0,0.2036530288248125
1763485820.1143363,20.6242273648425,8.311867590811257,4.692314417116758,1.0418206747650012,6.478313194212814,0.0999114879366703,0.06762970031270367,0.016058220037485204,-0.00021454564910100422,0,0.322311686719975
1763485820.1156244,20.808918313026766,8.330299115334624,4.706248074873381,1.0441407440165378,6.628313194212814,0.09991718458940696,0.06762970031270367,0.016058220037485204,-0.00021454564910100422,0,0.2991405840162871
1763485820.3186328,23.305469921206917,9.806520429300146,5.48006204948419,1.1406519057317948,6.7783131942128145,0.09992234247797585,0.06762970031270367,0.016058220037485204,-0.00021454564910100422,0,0.47889694295558316
1763485820.3201764,23.495956701736155,9.82710033599919,5.49765690095684,1.1429587756595279,6.928313194212815,0.09992749490777966,0.06762970031270367,0.016058220037485204,-0.00021454564910100422,0,0.4806736603402216
1763485820.321523,23.684047705214272,9.84632953242257,5.514304112097437,1.145168223918318,7.078313194212815,0.09993264256313268,0.06762970031270367,0.016058220037485204,-0.00021454564910100422,0,0.5510028789433954
1763485820.3228126,23.8714565696594,9.865167153318493,5.530689862678359,1.1473485738141906,7.228313194212816,0.09993778563553858,0.06762970031270367,0.016058220037485204,-0.00021454564910100422,0,0.5743939515538874
1763485820.5239081,26.819244367579845,11.362579513910955,6.72743861479813,1.2509709084194907,7.378313194212816,0.09994213623845867,0.06762970031270367,0.016058220037485204,-0.00021454564910100422,0,0.7482955032585106
1763485820.5253751,27.012007585422566,11.382196450363248,6.748533612632197,1.2530178473968987,7.528313194212816,0.09994648081740892,0.06762970031270367,0.016058220037485204,-0.00021454564910100422,0,0.800807455612945
1763485820.5266619,27.20214899070258,11.400625224502031,6.76829184654419,1.254967905330455,7.678313194212817,0.09995082011308513,0.06762970031270367,0.016058220037485204,-0.00021454564910100422,0,0.8086370399155889
1763485820.5278256,27.39050188378818,11.418243599945747,6.7871384975092734,1.2568514374892386,7.828313194212817,0.09995515463110163,0.06762970031270367,0.016058220037485204,-0.00021454564910100422,0,0.8747380266856857
1763485820.7269022,30.81708714577222,12.815685282177345,8.555845632595535,1.3672843315645407,7.978313194212817,0.09995870522198401,0.06762970031270367,0.016058220037485204,-0.00021454564910100422,0,1.0628431279521835
1763485820.7284842,31.015181975663,12.834964367864735,8.582765790547862,1.3691763730232036,8.128313194212817,0.09996225001438261,0.06762970031270367,0.016058220037485204,-0.00021454564910100422,0,1.07618945491896
1763485820.7298186,31.20905836948496,12.852781121500216,8.607072182164238,1.3709260816854947,8.278313194212817,0.09996578992219564,0.06762970031270367,0.016058220037485204,-0.00021454564910100422,0,1.1179569514362522
1763485820.731497,16.994363000613877,5.646908867348277,4.449441812430332,1.3256474304637669,5.473772628167792,0.09859226220370526,0.09055767512330268,0.018899651047469136,-0.0006407696515660647,0,1.3243876631037295
1763485820.9318085,18.979895202198882,6.222642817740647,5.59346162392308,1.4414229916540584,5.623772628167792,0.09859514071330709,0.09055767512330268,0.018899651047469136,-0.0006407696515660647,0,1.6764715769656147
1763485820.933367,19.165208715145983,6.235652060496796,5.614081180203665,1.4431048315322619,5.773772628167793,0.09859801474546578,0.09055767512330268,0.018899651047469136,-0.0006407696515660647,0,1.7715976114565688
1763485820.9346533,19.347991261577906,6.248127506049302,5.632866258643215,1.4446239836279835,5.923772628167793,0.09860088508961304,0.09055767512330268,0.018899651047469136,-0.0006407696515660647,0,2.0130184553435195
1763485820.935937,19.530759961091864,6.260590379484345,5.651652585404698,1.446140616275244,6.073772628167793,0.09860375175978464,0.09055767512330268,0.018899651047469136,-0.0006407696515660647,0,1.9967316539540316
1763485821.1365242,21.8669540381544,6.698796275753556,7.2757906870498195,1.5699883264009753,6.223772628167794,0.09860612078225238,0.09055767512330268,0.018899651047469136,-0.0006407696515660647,0,1.726252375862058
1763485821.1380613,22.05313383730362,6.709463759220495,7.299747388994111,1.5715415743782104,6.373772628167794,0.09860848654300812,0.09055767512330268,0.018899651047469136,-0.0006407696515660647,0,1.8047410786963738
1763485821.1393816,22.23711617366687,6.720020468207916,7.321755515448613,1.5729567123343997,6.523772628167794,0.0986108495081483,0.09055767512330268,0.018899651047469136,-0.0006407696515660647,0,1.9714849434424577
1763485821.1407423,22.421509864924115,6.730578065010634,7.344149182535659,1.574396779611679,6.673772628167795,0.0986132095983531,0.09055767512330268,0.018899651047469136,-0.0006407696515660647,0,2.0686925139407455
1763485821.343342,24.950925922322956,6.848737651508677,9.472227058051747,1.7075733811022706,6.823772628167795,0.09861520349246598,0.09055767512330268,0.018899651047469136,-0.0006407696515660647,0,2.4577317038787747
1763485821.3449051,25.13736445653185,6.857251546719629,9.49864719870545,1.7090758879459185,6.973772628167795,0.09861719499305327,0.09055767512330268,0.018899651047469136,-0.0006407696515660647,0,2.3371364440882605
1763485821.3461943,25.320995607049884,6.866016662413545,9.522194046889751,1.710393085054738,7.123772628167796,0.0986191845240568,0.09055767512330268,0.018899651047469136,-0.0006407696515660647,0,2.5319351170904167
1763485821.3474977,25.504770149656583,6.874760280919151,9.54589648494937,1.711719583552559,7.273772628167796,0.09862117206770497,0.09055767512330268,0.018899651047469136,-0.0006407696515660647,0,2.460640743890636
1763485821.5450912,28.027138770452655,6.777627717411586,11.87763172657102,1.8494837974039013,7.4237726281677965,0.0986229008983537,0.09055767512330268,0.018899651047469136,-0.0006407696515660647,0,2.8824900706568855
1763485821.546607,28.212044956600256,6.785566765227684,11.903158720701606,1.850922214467819,7.573772628167797,0.0986246280353495,0.09055767512330268,0.018899651047469136,-0.0006407696515660647,0,2.901722563589961
1763485821.5478806,28.394615427213626,6.79383826556346,11.926190903642919,1.8521872760870834,7.723772628167797,0.0986263537523692,0.09055767512330268,0.018899651047469136,-0.0006407696515660647,0,3.0573637252994956
1763485821.5491457,28.577096678357382,6.802125139962507,11.949124810085266,1.8534460220800923,7.8737726281677975,0.09862807806171738,0.09055767512330268,0.018899651047469136,-0.0006407696515660647,0,3.08233302453858
1763485821.7529054,31.109933876260488,6.7249288985029265,14.258945907647782,2.0036568348074018,8.023772628167798,0.0986296071345805,0.09055767512330268,0.018899651047469136,-0.0006407696515660647,0,2.653982484495395
1763485821.754474,31.29424042803503,6.733874648411424,14.282834554628394,2.0051274619091286,8.173772628167798,0.09863113491828558,0.09055767512330268,0.018899651047469136,-0.0006407696515660647,0,2.388943792683965
1763485821.7557578,31.475993145318423,6.743022183000668,14.3041828162653,2.006382856235731,8.323772628167799,0.09863266164892572,0.09055767512330268,0.018899651047469136,-0.0006407696515660647,0,2.201359074268079
1763485821.7570608,31.65791521686694,6.752168877173341,14.325686888743096,2.007652635469889,8.473772628167799,0.09863418731281011,0.09055767512330268,0.018899651047469136,-0.0006407696515660647,0,1.996474406737089
1763485821.9579997,19.279601478930044,4.4081924643490265,7.070581823422194,1.9650332152770487,5.742615179809928,0.09317879607184545,0.03703185992025248,0.008834057557827698,-0.0012927735088128075,0,1.644896993033636
1763485821.9594438,19.458648861733188,4.421032912354807,7.085498843770542,1.9663217486969238,5.892615179809928,0.09318017710099123,0.03703185992025248,0.008834057557827698,-0.0012927735088128075,0,1.4276008715735387
1763485821.9607537,19.636889010868572,4.433624611562225,7.099955408415273,1.9675122537676004,6.042615179809928,0.09318155731354491,0.03703185992025248,0.008834057557827698,-0.0012927735088128075,0,1.2555516918120255
1763485821.9620562,19.81509714211587,4.446216760908546,7.114384874842699,1.9686973898392552,6.192615179809929,0.09318293671544255,0.03703185992025248,0.008834057557827698,-0.0012927735088128075,0,1.0403076567013705
1763485821.9633286,19.99313642887459,4.458764516395881,7.1287118279979325,1.969860589344189,6.342615179809929,0.09318431532665725,0.03703185992025248,0.008834057557827698,-0.0012927735088128075,0,0.8661126004453563
1763485822.162451,21.706930748768407,5.092985719733482,7.908729606448557,2.1194146589279494,6.492615179809929,0.0931855838484883,0.03703185992025248,0.008834057557827698,-0.0012927735088128075,0,0.5495747305297145
1763485822.1638627,21.88950610768398,5.108918187610009,7.924092224361703,2.120693664228073,6.64261517980993,0.0931868516742644,0.03703185992025248,0.008834057557827698,-0.0012927735088128075,0,0.3621122403953447
1763485822.1650286,22.069946181978093,5.123834744828013,7.938524362849794,2.121783775564393,6.79261517980993,0.09318811892596232,0.03703185992025248,0.008834057557827698,-0.0012927735088128075,0,0.16008698712455505
1763485822.1661794,22.250274905795976,5.138703875350238,7.952904078710853,2.1228623863132885,6.9426151798099305,0.0931893856116644,0.03703185992025248,0.008834057557827698,-0.0012927735088128075,0,0.03041236549596178
1763485822.3699563,24.582469473849354,6.27854323465492,8.834452891982275,2.2836676060333105,7.092615179809931,0.09319056136891905,0.03703185992025248,0.008834057557827698,-0.0012927735088128075,0,0.310880151944779
1763485822.3715267,24.772906916982382,6.299424343848584,8.852578661258239,2.2850969955789204,7.242615179809931,0.09319173648670519,0.03703185992025248,0.008834057557827698,-0.0012927735088128075,0,0.547718892342315
1763485822.372813,24.959719483084605,6.3183624058618095,8.869251920125238,2.2862970662062945,7.3926151798099315,0.09319291108133045,0.03703185992025248,0.008834057557827698,-0.0012927735088128075,0,0.6483992330619142
1763485822.3741102,25.146714468100466,6.337400707232131,8.88599837260668,2.287506123302853,7.542615179809932,0.09319408514886839,0.03703185992025248,0.008834057557827698,-0.0012927735088128075,0,0.8247507128137044
1763485822.5700583,28.229979742675017,7.976525767719956,10.018079550762668,2.4495640596013684,7.692615179809932,0.09319518478109008,0.03703185992025248,0.008834057557827698,-0.0012927735088128075,0,1.092609083121088
1763485822.5803864,28.590488358294298,8.088590421592835,10.107655635362521,2.4584308408066655,7.842615179809933,0.09319628072234086,0.03703185992025248,0.008834057557827698,-0.0012927735088128075,0,1.0809845030077962
1763485822.5817444,28.78589779906303,8.112114270369576,10.128256917217483,2.459714055486416,7.992615179809933,0.09319737617962257,0.03703185992025248,0.008834057557827698,-0.0012927735088128075,0,1.1265009942155673
1763485822.5830095,28.979621002572472,8.134734150051097,10.14815450588477,2.4609186956403217,8.142615179809933,0.09319847118635086,0.03703185992025248,0.008834057557827698,-0.0012927735088128075,0,1.1213825046777854
1763485822.7756145,33.14386634773303,10.323460908016562,11.806962023680267,2.627628736255415,8.292615179809934,0.09319949997085887,0.03703185992025248,0.008834057557827698,-0.0012927735088128075,0,1.201483332752571
1763485822.7771962,33.35172716829397,10.353104679312187,11.833671415007496,2.629135365939348,8.442615179809934,0.09320052822500256,0.03703185992025248,0.008834057557827698,-0.0012927735088128075,0,1.1422992443896496
1763485822.7785087,33.55321501220274,10.379426923104825,11.8575668603898,2.630404492859049,8.592615179809934,0.09320155603913435,0.03703185992025248,0.008834057557827698,-0.0012927735088128075,0,1.1192255250763394
1763485822.7801614,18.869734216532645,5.291608352256826,5.672684571656129,2.1895987231456546,5.634139768244282,0.08170280122975507,0.1812369814647964,0.041392758955154985,0.00307023897358096,0,1.3208203088440575
1763485822.9798923,21.707025880729383,6.65533669128686,6.844836667253948,2.341008913210609,5.784139768244282,0.08170384073368173,0.1812369814647964,0.041392758955154985,0.00307023897358096,0,1.0519873629293848
1763485822.981436,21.899967866495626,6.676467399755369,6.865338109042601,2.3423177086950595,5.9341397682442825,0.08170488075831292,0.1812369814647964,0.041392758955154985,0.00307023897358096,0,0.8759104898753618
1763485822.9827433,22.089439107989687,6.695902748603799,6.88424675374019,2.343443916177411,6.084139768244283,0.0817059212240035,0.1812369814647964,0.041392758955154985,0.00307023897358096,0,0.8343435592944046
1763485822.9839945,22.278107785501877,6.714944577773518,6.902789320334588,2.344527157037525,6.234139768244283,0.081706962111962,0.1812369814647964,0.041392758955154985,0.00307023897358096,0,0.84982511997393
1763485823.1845021,25.75217592199302,8.337277119347723,8.445808959643026,2.503242001844256,6.3841397682442835,0.08170807291373627,0.1812369814647964,0.041392758955154985,0.00307023897358096,0,0.5013977614415641
1763485823.1858947,25.947722915790514,8.359381689778639,8.467986968350639,2.50450530519432,6.534139768244284,0.08170918422263203,0.1812369814647964,0.041392758955154985,0.00307023897358096,0,0.31343232341142857
1763485823.1870408,26.13880245355507,8.37935652791596,8.488025905628882,2.5055699558167843,6.684139768244284,0.08171029594916301,0.1812369814647964,0.041392758955154985,0.00307023897358096,0,0.3412711599313444
1763485823.1881652,26.32950868496247,8.399152223831916,8.507887847538003,2.5066174372625905,6.834139768244285,0.08171140808567565,0.1812369814647964,0.041392758955154985,0.00307023897358096,0,0.33759923562271
1763485823.3908994,30.574912843664354,10.345947308802936,10.489190649094137,2.673922518282329,6.984139768244285,0.08171259924066214,0.1812369814647964,0.041392758955154985,0.00307023897358096,0,0.3053144403053771
1763485823.3925169,30.778682166577454,10.371447871499356,10.51593062450923,2.6754501112492046,7.134139768244285,0.08171379107537721,0.1812369814647964,0.041392758955154985,0.00307023897358096,0,0.3004160900137679
1763485823.3938215,30.97597242765952,10.393955219471884,10.539447354685105,2.676715101799207,7.284139768244286,0.08171498345903784,0.1812369814647964,0.041392758955154985,0.00307023897358096,0,0.2736272889359308
1763485823.395093,31.172591626756724,10.41614979356395,10.562633223828318,2.677952664741892,7.434139768244286,0.08171617637828069,0.1812369814647964,0.041392758955154985,0.00307023897358096,0,0.2539290344993917
1763485823.5940237,35.828918078973004,12.484695010682046,12.829545364389192,2.848820474263619,7.584139768244286,0.08171746139386742,0.1812369814647964,0.041392758955154985,0.00307023897358096,0,0.23380616667751153
1763485823.595591,36.03502513829277,12.510445082446598,12.858330666816508,2.850390873574248,7.734139768244287,0.08171874721112388,0.1812369814647964,0.041392758955154985,0.00307023897358096,0,0.19572401312904514
1763485823.5969203,36.23569327509501,12.5338031993347,12.884276691503818,2.851753582302908,7.884139768244287,0.08172003370929774,0.1812369814647964,0.041392758955154985,0.00307023897358096,0,0.187507100070067
1763485823.5981932,36.43508747881422,12.556597244556427,12.909561562873828,2.8530675822791864,8.034139768244287,0.0817213208604888,0.1812369814647964,0.041392758955154985,0.00307023897358096,0,0.22613437423071864
1763485823.7983704,41.54841003572049,14.716116172594763,15.534720270469386,3.0317111007246105,8.184139768244288,0.08172272368744299,0.1812369814647964,0.041392758955154985,0.00307023897358096,0,0.23909910233641157
1763485823.7999053,41.761765316950594,14.744565435495586,15.567990270058614,3.0333457156365493,8.334139768244288,0.08172412751556352,0.1812369814647964,0.041392758955154985,0.00307023897358096,0,0.2083187113933374
1763485823.8012116,41.968751875421546,14.770287101975612,15.597826081668215,3.034773391336151,8.484139768244289,0.08172553219727535,0.1812369814647964,0.041392758955154985,0.00307023897358096,0,0.3038791054085547
1763485823.8025014,42.17532281104142,14.79582796057746,15.627441444712137,3.036186699784292,8.634139768244289,0.0817269377232382,0.1812369814647964,0.041392758955154985,0.00307023897358096,0,0.26528691053370324
1763485824.0042036,22.353656462944336,7.207488054401372,7.6395332453390035,2.3237419109040047,5.118459316170716,0.06443393612923959,0.2167188525016426,0.04689382180635213,0.009036443858516095,0,0.32686562214432924
1763485824.0056493,22.545468269893288,7.22658058510405,7.660955128139475,2.3250377458125078,5.268459316170716,0.06443549466653803,0.2167188525016426,0.04689382180635213,0.009036443858516095,0,0.35399323949767003
1763485824.0069528,22.735198101329804,7.244793356158122,7.681272652143348,2.3262357225254235,5.418459316170717,0.0644370543321922,0.2167188525016426,0.04689382180635213,0.009036443858516095,0,0.33832685109520716
1763485824.0082824,22.925354514587713,7.263186453508594,7.701817650505129,2.3274524792521825,5.568459316170717,0.06443861515108981,0.2167188525016426,0.04689382180635213,0.009036443858516095,0,0.3908094988561346
1763485824.2075846,26.377353899474908,8.644890576959446,9.481198915934815,2.468364713200376,5.718459316170717,0.06444037720955388,0.2167188525016426,0.04689382180635213,0.009036443858516095,0,0.7064840272041043
1763485824.2088346,26.570044451002865,8.66388043200793,9.503632956551444,2.4696296055412694,5.868459316170718,0.06444214073150378,0.2167188525016426,0.04689382180635213,0.009036443858516095,0,0.8657676885056556
1763485824.2099261,26.75991808041621,8.681731242620868,9.524502360819016,2.47078125527198,6.018459316170718,0.06444390553362694,0.2167188525016426,0.04689382180635213,0.009036443858516095,0,1.0579100149252914
1763485824.6179833,35.5806304775717,12.085421060076264,14.487068462964183,2.775235296606134,6.168459316170718,0.06444634175440743,0.2167188525016426,0.04689382180635213,0.009036443858516095,0,1.058932674464561
1763485824.6195574,35.78454128945681,12.105338579331475,14.519241781680476,2.777052830787227,6.318459316170719,0.06444878148691692,0.2167188525016426,0.04689382180635213,0.009036443858516095,0,1.0517844943094243
1763485824.6208577,35.982677460480204,12.123526249902024,14.547580080541517,2.778660589739022,6.468459316170719,0.06445122412692243,0.2167188525016426,0.04689382180635213,0.009036443858516095,0,0.992088759938916
1763485824.6221368,36.180368627440906,12.14156575299152,14.575636688866549,2.780253199779465,6.6184593161707195,0.06445366963264619,0.2167188525016426,0.04689382180635213,0.009036443858516095,0,1.0264301608449458
1763485824.6234617,36.379033160748136,12.159877064919959,14.604358277457726,2.7818823840871496,6.76845931617072,0.06445611811258041,0.2167188525016426,0.04689382180635213,0.009036443858516095,0,0.9707084742206928
1763485824.6247385,36.57668181276604,12.17787048971073,14.63241780792171,2.783475629498546,6.91845931617072,0.06445856946433381,0.2167188525016426,0.04689382180635213,0.009036443858516095,0,0.9196815802324172
1763485824.6260104,36.77423407481633,12.195818848282517,14.660428479290905,2.7850664073894076,7.0684593161707205,0.06446102368277454,0.2167188525016426,0.04689382180635213,0.009036443858516095,0,0.8535775368411413
1763485824.6917195,38.37309532886275,12.622120614144093,15.631318637276843,2.8367331274901453,7.218459316170721,0.0644636337809524,0.2167188525016426,0.04689382180635213,0.009036443858516095,0,0.6971812837948463
1763485824.6933038,38.57808224892815,12.641445293289241,15.665076752881637,2.8386346387558836,7.368459316170721,0.06446624783066351,0.2167188525016426,0.04689382180635213,0.009036443858516095,0,0.5839607903809743
1763485824.694643,38.777775761085515,12.659316556548593,15.69518475362735,2.8403462695110067,7.518459316170722,0.06446886522784685,0.2167188525016426,0.04689382180635213,0.009036443858516095,0,0.45278705305050965
1763485824.6960611,38.97920115991437,12.677644843318607,15.72650450675832,2.8421210074897076,7.668459316170722,0.06447148617701558,0.2167188525016426,0.04689382180635213,0.009036443858516095,0,0.35374953031953277
1763485824.8288176,42.18888685052737,13.490544290284818,17.86767408960839,2.9477346806543614,7.818459316170722,0.0644744738090697,0.2167188525016426,0.04689382180635213,0.009036443858516095,0,0.23610925529854615
1763485824.8302815,42.39379032885619,13.508622838463609,17.902530322630387,2.949700385720652,7.968459316170723,0.06447746587082266,0.2167188525016426,0.04689382180635213,0.009036443858516095,0,0.09298662855508684
1763485824.8317986,19.925358022567213,6.023369746756021,6.818640493295633,1.9018225411344214,5.134290954199003,0.047234287182135126,0.23860675831567157,0.043956640811181856,0.005967770148458098,0,0.015843273732562176
1763485825.0297086,22.135585191632877,6.5577322194112435,8.236835311316682,2.009488746106482,5.284290954199004,0.04723796059946745,0.23860675831567157,0.043956640811181856,0.005967770148458098,0,0.03914972095737062
1763485825.0312908,22.32331388615623,6.570778092956717,8.25960932241135,2.011393876591135,5.434290954199004,0.04724163999802874,0.23860675831567157,0.043956640811181856,0.005967770148458098,0,0.004276116075021515
1763485825.0325878,22.508058443594305,6.583276668527885,8.280100914929855,2.0131445816318303,5.5842909541990045,0.04724532430572567,0.23860675831567157,0.043956640811181856,0.005967770148458098,0,0.008515088629782048
1763485825.0338879,22.69285736550753,6.595782505020792,8.300636022845222,2.014898869902913,5.734290954199005,0.04724901353959857,0.23860675831567157,0.043956640811181856,0.005967770148458098,0,0.009755807127560414
1763485825.232535,25.205023020254387,7.000518845490686,10.14591351403297,2.127046207631257,5.884290954199005,0.04725349890047224,0.23860675831567157,0.043956640811181856,0.005967770148458098,0,0.012677603725661856
1763485825.2340868,25.398184369522287,7.0152835760857535,10.172103053356054,2.1292487952553256,6.0342909541990055,0.04725799062615081,0.23860675831567157,0.043956640811181856,0.005967770148458098,0,0.03161891127269734
1763485825.235411,25.588180500757705,7.02936248554607,10.195940294454516,2.131324278776501,6.184290954199006,0.04726248778161142,0.23860675831567157,0.043956640811181856,0.005967770148458098,0,0.010191556119739358
1763485825.236738,25.77824353140002,7.043453355286281,10.219828775191546,2.13340345634576,6.334290954199006,0.04726699037742823,0.23860675831567157,0.043956640811181856,0.005967770148458098,0,0.017831872159649785
1763485825.4383094,29.08298490371012,7.703704208778129,12.596367333568782,2.251350144960552,6.484290954199007,0.04727226220364995,0.23860675831567157,0.043956640811181856,0.005967770148458098,0,0.04807780832419967
1763485825.4398718,29.282990498373668,7.720775271180805,12.626782819136736,2.2538639146780803,6.634290954199007,0.04727753917903751,0.23860675831567157,0.043956640811181856,0.005967770148458098,0,0.03892565276691975
1763485825.4411883,29.478571896476897,7.736751482344117,12.654011509143253,2.2562351303113894,6.784290954199007,0.04728282047912794,0.23860675831567157,0.043956640811181856,0.005967770148458098,0,0.014426084612322728
1763485825.4429035,29.681470950181552,7.754557225606828,12.686492122860956,2.258842540121174,6.934290954199008,0.047288107393587624,0.23860675831567157,0.043956640811181856,0.005967770148458098,0,0.13700224429591026
1763485825.6468344,33.9221820704775,8.749985247044618,15.658296146422346,2.382315867693897,7.084290954199008,0.04729385511762805,0.23860675831567157,0.043956640811181856,0.005967770148458098,0,0.07835873322973277
1763485825.648406,34.12610957121906,8.766211225326499,15.693276355458005,2.385031431737236,7.234290954199008,0.04729960449831255,0.23860675831567157,0.043956640811181856,0.005967770148458098,0,0.07466549967124977
1763485825.6497421,34.3252360325308,8.781495430212871,15.724539505751931,2.387604787105117,7.384290954199009,0.04730535526187364,0.23860675831567157,0.043956640811181856,0.005967770148458098,0,0.020475754420751145
1763485825.651039,34.523579888368644,8.796621856612967,15.755201070680236,2.390154899531249,7.534290954199009,0.047311107345182915,0.23860675831567157,0.043956640811181856,0.005967770148458098,0,0.07520362281441895
1763485825.8476496,39.04643944455895,9.61370258379544,19.18808528848494,2.5130438161384103,7.684290954199009,0.04731680194115268,0.23860675831567157,0.043956640811181856,0.005967770148458098,0,0.07610026161928618
1763485825.8491077,39.25061476914053,9.62774897588697,19.225554066774706,2.5156982780052823,7.83429095419901,0.047322494274566716,0.23860675831567157,0.043956640811181856,0.005967770148458098,0,0.05176497139242228
1763485825.8503563,39.450142427615454,9.641201485982688,19.259100682695998,2.518221120086754,7.98429095419901,0.047328184651008486,0.23860675831567157,0.043956640811181856,0.005967770148458098,0,0.12831648559167674
1763485825.851546,39.64837641598624,9.654485521513838,19.29155947150189,2.5207065956254913,8.13429095419901,0.04733387314600587,0.23860675831567157,0.043956640811181856,0.005967770148458098,0,0.18294549032006277
1763485826.0569003,21.241985275225016,5.3994237489511585,8.69216495596083,1.867034257036118,5.24619688841117,0.037165424865740634,0.24225794248977,0.045380870903109286,0.007661736862381716,0,0.27312206093230285
1763485826.0583577,21.42876896571021,5.4110277566681315,8.71510428804314,1.8692694500269984,5.39619688841117,0.03717058256076765,0.24225794248977,0.045380870903109286,0.007661736862381716,0,0.384337018782104
1763485826.0596492,21.61383831597592,5.422451564958791,8.736588270315833,1.8714258563109238,5.5461968884111705,0.037175735979201055,0.24225794248977,0.045380870903109286,0.007661736862381716,0,0.46027840569529843
1763485826.060943,21.798948247664402,5.433879971381986,8.758108616559522,1.8735818862057252,5.696196888411171,0.03718088510599881,0.24225794248977,0.045380870903109286,0.007661736862381716,0,0.5515008898234601
1763485826.257367,24.25552836292521,5.665973833794651,10.738156424228789,1.9680158854673213,5.846196888411171,0.037185331023282336,0.24225794248977,0.045380870903109286,0.007661736862381716,0,0.7647667972002633
1763485826.2589076,24.446803778890946,5.678612782982469,10.764742559064613,1.9700617771283546,5.996196888411172,0.03718977130433333,0.24225794248977,0.045380870903109286,0.007661736862381716,0,0.8039305923781512
1763485826.2602012,24.634899111142126,5.690836397875459,10.788684394449126,1.9719872235521094,6.146196888411172,0.037194206854260205,0.24225794248977,0.045380870903109286,0.007661736862381716,0,0.8774152583955117
1763485826.2615314,24.823488064678628,5.703129489103907,10.813034384720195,1.973928664902222,6.296196888411172,0.03719863754113019,0.24225794248977,0.045380870903109286,0.007661736862381716,0,0.8995979524682245
1763485826.2628157,25.011501914939824,5.71535030007072,10.8369051243255,1.9758465385986628,6.446196888411173,0.0372030635337655,0.24225794248977,0.045380870903109286,0.007661736862381716,0,0.9272303451012989
1763485826.4601667,28.02171062875486,6.09440557840273,13.220457289397734,2.0734440665520384,6.596196888411173,0.0372068059911839,0.24225794248977,0.045380870903109286,0.007661736862381716,0,1.185017183257974
1763485826.461772,28.217381562989885,6.108591135865675,13.25008373328215,2.075299262106065,6.746196888411173,0.03721054332482195,0.24225794248977,0.045380870903109286,0.007661736862381716,0,1.2321737413351417
1763485826.4630997,28.40881863059794,6.122065511526851,13.276326640212307,2.077015314020692,6.896196888411174,0.03721427642691368,0.24225794248977,0.045380870903109286,0.007661736862381716,0,1.3081461821650406
1763485826.464312,28.59850137271792,6.135247532997193,13.301166129640643,2.078672815998586,7.046196888411174,0.037218005670322296,0.24225794248977,0.045380870903109286,0.007661736862381716,0,1.2894091370522374
1763485826.6660688,32.19706756339416,6.750546036428972,16.03182352825752,2.1812799452589275,7.196196888411174,0.037221165037561225,0.24225794248977,0.045380870903109286,0.007661736862381716,0,1.0269893872436067
1763485826.6676383,32.39492212085675,6.765492578913231,16.063070535876253,2.182937797107712,7.346196888411175,0.03722432054837618,0.24225794248977,0.045380870903109286,0.007661736862381716,0,1.0188891658611823
1763485826.6689882,32.58901456710817,6.779754748831655,16.091353223458682,2.184482233657281,7.496196888411175,0.037227472749381214,0.24225794248977,0.045380870903109286,0.007661736862381716,0,1.0077354784670782
1763485826.6705647,32.78702703447248,6.794741724624003,16.122716340827903,2.186141459515879,7.6461968884111755,0.03723062109351866,0.24225794248977,0.045380870903109286,0.007661736862381716,0,0.9952322906205967
1763485826.8696706,36.73233881300524,7.544286020304876,19.064323476862704,2.290299076510215,7.796196888411176,0.03723335091627464,0.24225794248977,0.045380870903109286,0.007661736862381716,0,0.8693603431177381
1763485826.8712187,36.931064934997295,7.559292340105775,19.096520169752083,2.2918194587395124,7.946196888411176,0.03723607798874932,0.24225794248977,0.045380870903109286,0.007661736862381716,0,0.8357218287046682
1763485826.8725305,37.125517133481196,7.573537197220366,19.125329606675873,2.2932146384373926,8.096196888411177,0.03723880273638821,0.24225794248977,0.045380870903109286,0.007661736862381716,0,0.7758794985052457
1763485826.8741767,18.661484733858803,4.5335103249204,7.09844629609011,1.769844821461072,5.2285166083822325,0.031166683004988194,0.21946082301437322,0.048626536599519876,0.011059816082729183,0,0.7090105353918984
1763485827.074351,20.51007475478373,4.971483485724161,8.274258929782265,1.854646623506263,5.378516608382233,0.031169107388804244,0.21946082301437322,0.048626536599519876,0.011059816082729183,0,0.9422462234448952
1763485827.075913,20.694403579088533,4.986010470533091,8.292793658720324,1.8559113115969885,5.528516608382233,0.03117152985589394,0.21946082301437322,0.048626536599519876,0.011059816082729183,0,1.0453721849408795
1763485827.0772042,20.876365603851823,4.999767393227347,8.309847621445316,1.8570600300542632,5.678516608382234,0.031173950742663208,0.21946082301437322,0.048626536599519876,0.011059816082729183,0,1.0987456039292838
1763485827.0785034,21.05840614135796,5.013558345584279,8.326943159272066,1.858211658075958,5.828516608382234,0.031176370043423413,0.21946082301437322,0.048626536599519876,0.011059816082729183,0,1.0717447013266734
1763485827.2813253,23.27947365933972,5.7646199775709706,9.558503849055377,1.9466546382123426,5.978516608382234,0.031178586118796602,0.21946082301437322,0.048626536599519876,0.011059816082729183,0,1.282997047158236
1763485827.2828667,23.46606777979833,5.782046647832896,9.576465928727064,1.9478577938975519,6.128516608382235,0.031180800958583374,0.21946082301437322,0.048626536599519876,0.011059816082729183,0,1.3139374773576966
1763485827.284157,23.650058726880616,5.798283245179345,9.59312558031452,1.9489502782372081,6.278516608382235,0.031183014767308594,0.21946082301437322,0.048626536599519876,0.011059816082729183,0,1.375634388764813
1763485827.2854643,23.834240330608548,5.814619911834529,9.609868631924574,1.9500499509327232,6.428516608382235,0.031185227534485344,0.21946082301437322,0.048626536599519876,0.011059816082729183,0,1.5063626822049034
1763485827.483967,26.376876978555316,6.987614131641285,10.740448027954729,2.0391108955807438,6.578516608382236,0.031187314996322775,0.21946082301437322,0.048626536599519876,0.011059816082729183,0,1.1419115277643757
1763485827.4854922,26.564795571233137,7.007740806723745,10.757067395711243,2.0402813586860207,6.728516608382236,0.031189401729891656,0.21946082301437322,0.048626536599519876,0.011059816082729183,0,1.0468038382798748
1763485827.486689,26.748972608200923,7.025707261589504,10.772254076474109,2.0413031738607788,6.878516608382236,0.031191487894290337,0.21946082301437322,0.048626536599519876,0.011059816082729183,0,1.0342644522999314
1763485827.487885,26.93314892820939,7.043683991178051,10.787430306803262,2.042324448353822,7.028516608382237,0.03119357349201927,0.21946082301437322,0.048626536599519876,0.011059816082729183,0,1.0547198448429544
1763485827.6888626,29.724820218482638,8.650176263474368,11.729913165909592,2.1350185893844333,7.178516608382237,0.031195591332010393,0.21946082301437322,0.048626536599519876,0.011059816082729183,0,0.8845665304102283
1763485827.6991498,30.023168551605597,8.753270415170762,11.769920707619711,2.140263213333019,7.3285166083822375,0.03119760709987015,0.21946082301437322,0.048626536599519876,0.011059816082729183,0,0.8240664116661782
1763485827.7005346,30.210802199890985,8.775899557146984,11.78382262506337,2.1413637866996402,7.478516608382238,0.0311996225987571,0.21946082301437322,0.048626536599519876,0.011059816082729183,0,0.6991595219874809
1763485827.7017474,30.396312846276235,8.796982436023045,11.797227875626398,2.1423842883805584,7.628516608382238,0.031201637863996833,0.21946082301437322,0.048626536599519876,0.011059816082729183,0,0.6034572471040416
1763485827.8936543,33.245710040953746,10.83457228041875,12.368001567794805,2.2334159458934497,7.778516608382239,0.031203638464503015,0.21946082301437322,0.048626536599519876,0.011059816082729183,0,0.4875090569417637
1763485827.8952076,33.439142554209276,10.863201771238149,12.38160981489833,2.234608720565522,7.928516608382239,0.031205639125043965,0.21946082301437322,0.048626536599519876,0.011059816082729183,0,0.49183487567227346
1763485827.8965337,33.629235150917545,10.889134777749954,12.39468310947125,2.235693015475001,8.07851660838224,0.031207639839102633,0.21946082301437322,0.048626536599519876,0.011059816082729183,0,0.4675026904572679
1763485827.8978531,33.819249581567746,10.915014295266698,12.4077347905221,2.2367742467882206,8.22851660838224,0.03120964060848015,0.21946082301437322,0.048626536599519876,0.011059816082729183,0,0.47715765943494814
1763485828.0988262,20.04348675423097,6.525840252072695,5.9650786831293106,1.9780803781414067,5.54681862346753,0.02766881742002843,0.08410402409688023,0.016903442604951455,0.011720435692245963,0,0.5951164194507952
1763485828.100149,20.22593289300465,6.545191866918159,5.977153994382169,1.9790975567207651,5.69681862346753,0.027670851516027994,0.08410402409688023,0.016903442604951455,0.011720435692245963,0,0.5770145165364117
1763485828.1013548,20.407340416887806,6.5637334309121815,5.989049573449798,1.980065903095636,5.846818623467531,0.02767288596265794,0.08410402409688023,0.016903442604951455,0.011720435692245963,0,0.6874582470727915
1763485828.1025321,20.58850696395623,6.582087431543699,6.000903552266642,1.981022435924961,5.996818623467531,0.027674920753399466,0.08410402409688023,0.016903442604951455,0.011720435692245963,0,0.8154079665478509
1763485828.303236,22.873158313427698,8.259623546572765,6.37212693091323,2.0669121708721474,6.1468186234675315,0.02767704160202671,0.08410402409688023,0.016903442604951455,0.011720435692245963,0,0.7007115048880022
1763485828.304862,23.06099345577663,8.284825320806004,6.383564596153413,2.068105751965762,6.296818623467532,0.027679163383917894,0.08410402409688023,0.016903442604951455,0.011720435692245963,0,0.705458787469415
1763485828.3061967,23.245734141517957,8.307325788480219,6.394734328802944,2.0691741148323843,6.446818623467532,0.027681285934878196,0.08410402409688023,0.016903442604951455,0.011720435692245963,0,0.6456705671729879
1763485828.3075194,23.430365460387144,8.32973495889978,6.40589076601911,2.0702377027499876,6.596818623467533,0.027683409250734675,0.08410402409688023,0.016903442604951455,0.011720435692245963,0,0.7828762813741024
1763485828.5077965,26.03211798969056,10.484862113550976,6.6144822675928,2.158269303200625,6.746818623467533,0.027685681878623872,0.08410402409688023,0.016903442604951455,0.011720435692245963,0,0.7796100948261532
1763485828.5094101,26.222936488489143,10.513681051709279,6.625219722781351,2.159529134528292,6.896818623467533,0.027687956002691264,0.08410402409688023,0.016903442604951455,0.011720435692245963,0,0.7435353215386709
1763485828.5107565,26.410409636718224,10.53940532227915,6.635824188068076,2.1606712715244454,7.046818623467534,0.02769023137901828,0.08410402409688023,0.016903442604951455,0.011720435692245963,0,0.6781678802896909
1763485828.5120907,26.59774287046263,10.565008648977546,6.6464145273833815,2.161808562634369,7.196818623467534,0.027692507999799047,0.08410402409688023,0.016903442604951455,0.011720435692245963,0,0.6568818503405364
1763485828.513452,26.785431707911872,10.590951851707766,6.657008016835748,2.1629584300068387,7.346818623467534,0.027694785893986572,0.08410402409688023,0.016903442604951455,0.011720435692245963,0,0.664250961691369
1763485828.7115517,29.764217337867507,13.20249141529249,6.784842396220689,2.252367611386298,7.496818623467535,0.02769729150049447,0.08410402409688023,0.016903442604951455,0.011720435692245963,0,0.6568463658195351
1763485828.712099,29.942808823195698,13.220114099347732,6.794933120374521,2.25324318214225,7.646818623467535,0.027699797863659573,0.08410402409688023,0.016903442604951455,0.011720435692245963,0,0.6803879049119401
1763485828.7125368,30.119807257052898,13.236211663065026,6.805005444141413,2.2540692215464846,7.796818623467535,0.02770230483243697,0.08410402409688023,0.016903442604951455,0.011720435692245963,0,0.6306755971349722
1763485828.713031,30.297630351382107,13.253098775701913,6.815086990167674,2.254921149559394,7.946818623467536,0.027704812485590164,0.08410402409688023,0.016903442604951455,0.011720435692245963,0,0.6715747949695944
1763485828.918783,33.828507455306834,16.439333877469565,6.914447779928115,2.3501995102838262,8.096818623467536,0.027707664157792706,0.08410402409688023,0.016903442604951455,0.011720435692245963,0,0.684263196982776
1763485828.92036,34.02533945401216,16.474432322697854,6.924695640578013,2.351682348307837,8.246818623467536,0.027710518960920145,0.08410402409688023,0.016903442604951455,0.011720435692245963,0,0.6607443389851575
1763485828.9216619,34.21763505799188,16.505162637088855,6.934902323112271,2.3530380979688124,8.396818623467537,0.027713376354396777,0.08410402409688023,0.016903442604951455,0.011720435692245963,0,0.6391529030269496
1763485828.9231873,34.413654953197046,16.53947283662178,6.945148174728479,2.3544990815889943,8.546818623467537,0.027716236790253514,0.08410402409688023,0.016903442604951455,0.011720435692245963,0,0.6497507253033215
1763485829.1222217,20.290239325293978,8.093782914870701,4.427896020818381,2.166531838657149,5.57687159589335,0.02515695505439677,0.17309329218186026,0.03263548854171363,0.011506073417248833,0,0.5383635998372973
1763485829.1235247,20.472445697451736,8.113696027398921,4.438719954583845,2.1679978350061497,5.726871595893351,0.02516028456946929,0.17309329218186026,0.03263548854171363,0.011506073417248833,0,0.6135767503350927
1763485829.1247034,20.653585587068907,8.132670438105464,4.449467413485331,2.169412522315837,5.876871595893351,0.02516361726892213,0.17309329218186026,0.03263548854171363,0.011506073417248833,0,0.6460059978575622
1763485829.1258733,20.834660852596734,8.15158437882478,4.460213266790464,2.1708246579542037,6.026871595893351,0.025166953133936774,0.17309329218186026,0.03263548854171363,0.011506073417248833,0,0.6147921103539165
1763485829.3298802,23.042815035289255,9.90082164733542,4.6806924552956986,2.259258422046333,6.176871595893352,0.02517091471845292,0.17309329218186026,0.03263548854171363,0.011506073417248833,0,0.4339937075965894
1763485829.3314695,23.22944980978639,9.924160900539261,4.692157258707405,2.261085172939056,6.326871595893352,0.02517488170731761,0.17309329218186026,0.03263548854171363,0.011506073417248833,0,0.421686196532182
1763485829.332743,23.413018956496177,9.944850491212774,4.703341297704732,2.262776718653942,6.4768715958933525,0.02517885303137602,0.17309329218186026,0.03263548854171363,0.011506073417248833,0,0.4390086775650926
1763485829.3339076,23.59553889371578,9.964629288610935,4.714432548469688,2.2644226324173764,6.626871595893353,0.025182828324429387,0.17309329218186026,0.03263548854171363,0.011506073417248833,0,0.4109638176359398
1763485829.5343387,25.995155503304456,11.805703132472068,5.033728685185984,2.3536645657330073,6.776871595893353,0.025187524020045225,0.17309329218186026,0.03263548854171363,0.011506073417248833,0,0.5998877571888426
1763485829.5358973,26.184095198325657,11.828592032582966,5.047688255543836,2.355751088884645,6.9268715958933536,0.02519222542085874,0.17309329218186026,0.03263548854171363,0.011506073417248833,0,0.5891286257020716
1763485829.537196,26.370121925333546,11.849324810331618,5.0610044437019726,2.3577241438325585,7.076871595893354,0.0251969315740395,0.17309329218186026,0.03263548854171363,0.011506073417248833,0,0.584140861505152
1763485829.5384915,26.55612653872955,11.870027343591664,5.074328388931293,2.3596975678464402,7.226871595893354,0.02520164246680074,0.17309329218186026,0.03263548854171363,0.011506073417248833,0,0.5341022585015859
1763485829.7393463,29.291269135213863,13.656372025867544,5.781378715962459,2.451439767762111,7.376871595893355,0.025207029728395194,0.17309329218186026,0.03263548854171363,0.011506073417248833,0,0.775447288447756
1763485829.7408948,29.48309514418,13.678144947559721,5.799086730607932,2.4537794487123556,7.526871595893355,0.025212421406634867,0.17309329218186026,0.03263548854171363,0.011506073417248833,0,0.825513157306278
1763485829.7421894,29.671628312054676,13.697977572001909,5.815556023248316,2.4560053041474554,7.676871595893355,0.02521781676364044,0.17309329218186026,0.03263548854171363,0.011506073417248833,0,0.8913094272811533
1763485829.7434785,29.860106076022433,13.717760264105298,5.832020967335053,2.4582300329173523,7.826871595893356,0.02522321577137763,0.17309329218186026,0.03263548854171363,0.011506073417248833,0,1.0156701269544643
1763485829.9479191,33.053302434382786,15.379154300715388,7.118199568865531,2.5538479789801123,7.976871595893356,0.025228989928398914,0.17309329218186026,0.03263548854171363,0.011506073417248833,0,0.8208671987103923
1763485829.9495006,33.24719535058681,15.398453197662638,7.140282340426677,2.556353451503664,8.126871595893356,0.025234765100469916,0.17309329218186026,0.03263548854171363,0.011506073417248833,0,0.7927116740103162
1763485829.950803,33.437193670657976,15.416088954066193,7.160262776225815,2.5587298033885273,8.276871595893356,0.025240541084086868,0.17309329218186026,0.03263548854171363,0.011506073417248833,0,0.8070106185713071
1763485829.9521103,33.62726786270667,15.433734852064537,7.180306364207119,2.5611087326816775,8.426871595893356,0.02524631785997652,0.17309329218186026,0.03263548854171363,0.011506073417248833,0,0.858094534348683
1763485830.1492274,36.89946755235559,16.64405472187943,8.997933219841961,2.655356059652604,8.576871595893357,0.025251955088240137,0.17309329218186026,0.03263548854171363,0.011506073417248833,0,0.6447289429863013
1763485830.1512036,18.65764685854468,6.4290911278107234,4.609612426718372,2.449543971298984,5.145796785448326,0.02360254726827643,0.16613205741430534,0.04022744571223099,0.009873305864211646,0,0.5653832317542284
1763485830.1525643,18.837347693691314,6.440787471861732,4.62529545565939,2.45185980286655,5.295796785448326,0.02360817785531605,0.16613205741430534,0.04022744571223099,0.009873305864211646,0,0.5307691778740337
1763485830.1538572,19.016658742901043,6.452389827718909,4.640713136917714,2.454145186982064,5.4457967854483265,0.02361380583403116,0.16613205741430534,0.04022744571223099,0.009873305864211646,0,0.39239282246706664
1763485830.3509068,20.559813766422295,6.715063973286256,5.68255345550324,2.542780705521795,5.595796785448327,0.023618846662680167,0.16613205741430534,0.04022744571223099,0.009873305864211646,0,0.601296810980047
1763485830.3524153,20.742551621939366,6.726083225346959,5.702080685593933,2.544967043670287,5.745796785448327,0.023623881879858737,0.16613205741430534,0.04022744571223099,0.009873305864211646,0,0.6613743461723591
1763485830.35367,20.923412982654582,6.736925895431558,5.720023016069926,2.54703837328345,5.8957967854483275,0.02362891242132423,0.16613205741430534,0.04022744571223099,0.009873305864211646,0,0.7507513565769096
1763485830.3548706,21.10388165646104,6.7477262283634065,5.737640579614193,2.5490841245546325,6.045796785448328,0.023633938480481953,0.16613205741430534,0.04022744571223099,0.009873305864211646,0,0.7458330869832157
1763485830.5574803,23.050384399129964,6.906714312749388,7.28239603171889,2.6418391176906533,6.195796785448328,0.02363815152269908,0.16613205741430534,0.04022744571223099,0.009873305864211646,0,0.927080353986335
1763485830.5590498,23.235933763856494,6.916878528735228,7.30583804105087,2.6437780504657646,6.345796785448329,0.02364235815630261,0.16613205741430534,0.04022744571223099,0.009873305864211646,0,0.9835710937919215
1763485830.560451,23.419963153148554,6.927021350781604,7.327860231496493,2.6456382263512856,6.495796785448329,0.02364655907084245,0.16613205741430534,0.04022744571223099,0.009873305864211646,0,1.0190926002460787
1763485830.5617516,23.603086902947155,6.937150640116853,7.349038039706043,2.6474506829969964,6.645796785448329,0.023650754678932483,0.16613205741430534,0.04022744571223099,0.009873305864211646,0,1.115144999715283
1763485830.7661028,25.960666817128406,7.004198125179498,9.394299160295619,2.7427185819987843,6.79579678544833,0.02365416420617944,0.16613205741430534,0.04022744571223099,0.009873305864211646,0,1.2431011477231628
1763485830.7675424,26.147613700092812,7.0140894770504,9.419738243267501,2.7443316256668484,6.94579678544833,0.023657568659731936,0.16613205741430534,0.04022744571223099,0.009873305864211646,0,1.4390122813056563
1763485830.7687094,26.33154078908996,7.023998710356553,9.442268133462054,2.745816190817308,7.09579678544833,0.023660969005712608,0.16613205741430534,0.04022744571223099,0.009873305864211646,0,1.3143137483474354
1763485830.7701464,26.51848809503331,7.033886789801432,9.467715172492861,2.7474249829894823,7.245796785448331,0.02366436430120241,0.16613205741430534,0.04022744571223099,0.009873305864211646,0,1.3080655976219644
1763485830.7713263,26.702582890840148,7.043791184498273,9.490414682569403,2.748912482868823,7.395796785448331,0.02366775545531354,0.16613205741430534,0.04022744571223099,0.009873305864211646,0,1.4922288719388612
1763485830.966351,29.395627837364078,7.109628668234112,11.874985217384975,2.8415466293257614,7.545796785448331,0.023670536970898045,0.16613205741430534,0.04022744571223099,0.009873305864211646,0,1.2446369341891281
1763485830.9679022,29.585868327059348,7.118690827396199,11.904700488064085,2.8430069119103134,7.695796785448332,0.023673314240423397,0.16613205741430534,0.04022744571223099,0.009873305864211646,0,1.0590462793179691
1763485830.9691966,29.772888475050692,7.127904198519922,11.931167566623426,2.8443438364850757,7.845796785448332,0.02367608797393498,0.16613205741430534,0.04022744571223099,0.009873305864211646,0,0.7932830727763172
1763485830.9705,29.96004140314305,7.137114420194516,11.95776742960545,2.845683909741497,7.9957967854483325,0.023678858153254868,0.16613205741430534,0.04022744571223099,0.009873305864211646,0,0.770301222359625
1763485831.1723666,33.05875029848983,7.117730143832962,14.828233680846541,2.943308535249272,8.145796785448333,0.02368115311271897,0.16613205741430534,0.04022744571223099,0.009873305864211646,0,0.5889673116969647
1763485831.1743038,18.524906569244468,4.210293808591941,6.305623384188401,2.7130200861405753,5.273828008060882,0.022141282262667965,0.39588157198590357,0.0759667914999202,0.00871724772952966,0,0.4875982920399486
1763485831.1755753,18.704850986485187,4.221242869127837,6.323495855731459,2.71414068277305,5.423828008060882,0.022143570791957813,0.39588157198590357,0.0759667914999202,0.00871724772952966,0,0.30517721296700606
1763485831.1769018,18.885220942624258,4.232237659191751,6.341724317304174,2.715285101395223,5.573828008060882,0.022145856672223248,0.39588157198590357,0.0759667914999202,0.00871724772952966,0,0.25099830049665073
1763485831.3763785,20.811845912174288,4.475890521949299,7.784002049754972,2.80597753119247,5.723828008060883,0.02214780121666336,0.39588157198590357,0.0759667914999202,0.00871724772952966,0,0.3419499242393336
1763485831.377809,20.997329542204437,4.4888487671252015,7.805441968010298,2.807061055326148,5.873828008060883,0.02214974368190399,0.39588157198590357,0.0759667914999202,0.00871724772952966,0,0.3513459737092425
1763485831.3790102,21.180427776602723,4.501345638422973,7.825063209709568,2.808039236004362,6.0238280080608835,0.022151684404935656,0.39588157198590357,0.0759667914999202,0.00871724772952966,0,0.3224385225445232
1763485831.3801732,21.36314852951141,4.513774577758993,7.844392865158372,2.8089994550889266,6.173828008060884,0.0221536234442354,0.39588157198590357,0.0759667914999202,0.00871724772952966,0,0.4163084080956886
1763485831.5814853,24.010742220480108,5.065962757570624,9.696542172433569,2.902253969740598,6.323828008060884,0.022155312674433422,0.39588157198590357,0.0759667914999202,0.00871724772952966,0,0.7363751606757097
1763485831.5830405,24.202167546972174,5.080994536269163,9.721868601144292,2.9033194012371095,6.4738280080608845,0.022157000260721517,0.39588157198590357,0.0759667914999202,0.00871724772952966,0,0.9955086473126915
1763485831.5843601,24.390428417013457,5.09527846875917,9.74488860166213,2.9042746520761487,6.623828008060885,0.0221586864551248,0.39588157198590357,0.0759667914999202,0.00871724772952966,0,1.1258122394464096
1763485831.5856671,24.578543391492047,5.109534233643728,9.76779717074796,2.905223607765768,6.773828008060885,0.022160371273707784,0.39588157198590357,0.0759667914999202,0.00871724772952966,0,1.205175463955049
1763485831.786237,27.85101764909943,5.91438714261819,11.99074734516341,2.9998932797012334,6.923828008060886,0.022161873555713866,0.39588157198590357,0.0759667914999202,0.00871724772952966,0,1.0312625881222277
1763485831.7878776,28.04642316448293,5.9307984869995005,12.01868522205915,3.0009480728122715,7.073828008060886,0.022163374551121693,0.39588157198590357,0.0759667914999202,0.00871724772952966,0,0.7782378102395999
1763485831.7891798,28.236664613167267,5.9458983779663805,12.042931495582302,3.001841857030356,7.223828008060886,0.022164874527344083,0.39588157198590357,0.0759667914999202,0.00871724772952966,0,0.8679770011302449
1763485831.7904918,28.42707734482661,5.9610494810944274,12.067293478752543,3.002740003440154,7.373828008060887,0.022166373478596613,0.39588157198590357,0.0759667914999202,0.00871724772952966,0,0.8139426877205826
1763485831.9896557,32.010931913986525,6.913314026092584,14.45312101969276,3.0985011241322757,7.523828008060887,0.02216773600801747,0.39588157198590357,0.0759667914999202,0.00871724772952966,0,0.6964635886570174
1763485831.9910817,32.20785036226915,6.931735640449693,14.48069955618003,3.099418059897321,7.673828008060887,0.02216909768122057,0.39588157198590357,0.0759667914999202,0.00871724772952966,0,0.574532714989598
1763485831.9922864,32.40065775123304,6.948868590352851,14.505562994385688,3.1002276998013985,7.823828008060888,0.02217045863222042,0.39588157198590357,0.0759667914999202,0.00871724772952966,0,0.5644663041805591
1763485831.9934528,32.59276802059337,6.965787668087516,14.529961954387556,3.101018571172372,7.973828008060888,0.02217181888504245,0.39588157198590357,0.0759667914999202,0.00871724772952966,0,0.35957542077761784
1763485832.1959453,36.97723177223393,8.38238961393677,17.24866618457814,3.2001748944949386,8.123828008060888,0.02217307116318515,0.39588157198590357,0.0759667914999202,0.00871724772952966,0,0.4522384714477574
1763485832.1975257,37.18505793231847,8.406213942638017,17.281699122758024,3.201142536173039,8.273828008060889,0.022174322688507088,0.39588157198590357,0.0759667914999202,0.00871724772952966,0,0.43825094805035925
1763485832.1991882,19.250555724334543,4.764091187608549,6.78948607975454,2.5799824035487684,5.098404370826765,0.018591682595923247,0.3732720402403279,0.06924290088145502,0.007816764502206603,0,0.5003150395058658
1763485832.2004952,19.435517069180914,4.780345879528431,6.807482468114653,2.5806914180010296,5.248404370826766,0.018592932710035624,0.3732720402403279,0.06924290088145502,0.007816764502206603,0,0.22646426091284513
1763485832.399027,22.197359157029112,5.90258839130336,8.216975040586144,2.6607972575576864,5.398404370826766,0.01859409675515759,0.3732720402403279,0.06924290088145502,0.007816764502206603,0,0.16772355358832092
1763485832.400648,22.39176678293607,5.923086001652795,8.24006789344198,2.661613256859735,5.548404370826766,0.018595260154794575,0.3732720402403279,0.06924290088145502,0.007816764502206603,0,0.2770463415284047
1763485832.4019568,22.581539036726703,5.941577851711287,8.260658182258274,2.6623022088964934,5.698404370826767,0.018596423033884396,0.3732720402403279,0.06924290088145502,0.007816764502206603,0,0.22425754609765555
1763485832.4032712,22.77143029059659,5.960122209680982,8.281312756596831,2.662993368101348,5.848404370826767,0.01859758539066056,0.3732720402403279,0.06924290088145502,0.007816764502206603,0,0.4858337883800521
1763485832.604349,26.345144594950682,7.458389536426741,10.124128498332977,2.7456235165276697,5.998404370826767,0.01859867283652481,0.3732720402403279,0.06924290088145502,0.007816764502206603,0,0.3493363799102814
1763485832.6058476,26.541978780167263,7.479975472215791,10.148624696833721,2.746374480536903,6.148404370826768,0.018599759754076663,0.3732720402403279,0.06924290088145502,0.007816764502206603,0,0.41399537640764533
1763485832.6070886,26.734240956263108,7.499577458975271,10.170639639885172,2.7470186403414725,6.298404370826768,0.018600846234429015,0.3732720402403279,0.06924290088145502,0.007816764502206603,0,0.404135271450361
1763485832.6084342,26.928391908273767,7.519999059065479,10.193680504445908,2.747706041694636,6.448404370826768,0.01860193224097156,0.3732720402403279,0.06924290088145502,0.007816764502206603,0,0.37068084825198555
1763485832.8089292,31.038838705363474,9.258406206376288,12.331824496146057,2.8316006821371973,6.598404370826769,0.018602949877164588,0.3732720402403279,0.06924290088145502,0.007816764502206603,0,0.3068860741453523
1763485832.8114352,31.259746357769302,9.290376036567187,12.369598673719267,2.8327633099796903,6.748404370826769,0.018603966676387716,0.3732720402403279,0.06924290088145502,0.007816764502206603,0,0.34654767427193856
1763485832.8128328,31.45826015651782,9.3126622239405,12.395130100922097,2.833458477819549,6.8984043708267695,0.018604983008911297,0.3732720402403279,0.06924290088145502,0.007816764502206603,0,0.30343741204619157
1763485832.8141344,31.654866746206956,9.334124387533132,12.419618953551906,2.834113035388276,7.04840437082677,0.01860599890686954,0.3732720402403279,0.06924290088145502,0.007816764502206603,0,0.36514944824441176
1763485832.8154516,31.851837994196384,9.355745518433144,12.444306949954246,2.834774140617164,7.19840437082677,0.018607014365055873,0.3732720402403279,0.06924290088145502,0.007816764502206603,0,0.37161129777431023
1763485833.0140715,36.427369756522076,11.28912844670739,14.851809016321823,2.919419857226491,7.348404370826771,0.01860806543960358,0.3732720402403279,0.06924290088145502,0.007816764502206603,0,0.38929373777780646
1763485833.0154843,36.63407386186772,11.315073514293724,14.881842416650812,2.920144443101903,7.498404370826771,0.01860911699451401,0.3732720402403279,0.06924290088145502,0.007816764502206603,0,0.40797472386290534
1763485833.016677,36.83512184157984,11.338553468491037,14.908779178374731,2.9207746549322704,7.648404370826771,0.0186101689550266,0.3732720402403279,0.06924290088145502,0.007816764502206603,0,0.4169494079239441
1763485833.0178452,37.03558125304798,11.361777176694396,14.935393868162555,2.9213946160512583,7.798404370826772,0.01861122131299484,0.3732720402403279,0.06924290088145502,0.007816764502206603,0,0.4914719165419272
1763485833.2245157,43.02849662307652,13.917769345266414,18.13263023188662,3.011080328252039,7.948404370826772,0.018612346844679543,0.3732720402403279,0.06924290088145502,0.007816764502206603,0,0.415206264917796
1763485833.226075,43.24326062338466,13.946834176307792,18.167502531164228,3.0119060721285407,8.098404370826772,0.018613472957323723,0.3732720402403279,0.06924290088145502,0.007816764502206603,0,0.35614442140897706
1763485833.2277825,19.844198426719807,6.136874132363282,6.8747288431328615,1.9488404095192944,4.870553823410267,0.013201218294101591,0.25759779901046165,0.05168509754114739,0.004945277481101569,0,0.317118224534289
1763485833.2290986,20.028933927098482,6.1533578247138,6.892459295632466,1.949360637807083,5.020553823410268,0.013202345534869295,0.25759779901046165,0.05168509754114739,0.004945277481101569,0,0.33640328739570247
1763485833.4265041,22.62217394026404,7.2328347295404365,8.199178394517885,2.0064034409229987,5.170553823410268,0.013203551872449348,0.25759779901046165,0.05168509754114739,0.004945277481101569,0,0.3128199488406327
1763485833.4280653,22.81183754162421,7.2509897730731785,8.220059433391542,2.0070297528626466,5.320553823410268,0.013204758886576452,0.25759779901046165,0.05168509754114739,0.004945277481101569,0,0.2833015625542657
1763485833.429443,22.99922162152237,7.268187113379665,8.239671761234908,2.007602956999053,5.470553823410269,0.01320596649847236,0.25759779901046165,0.05168509754114739,0.004945277481101569,0,0.27158911964654225
1763485833.4307518,23.1857593223727,7.285026816376879,8.258815065916563,2.0081564419899665,5.620553823410269,0.013207174679020682,0.25759779901046165,0.05168509754114739,0.004945277481101569,0,0.24811497130023968
1763485833.631188,26.10957598552475,8.434836648004856,9.823794941669323,2.067182093360059,5.770553823410269,0.013208479080239796,0.25759779901046165,0.05168509754114739,0.004945277481101569,0,0.009993777364233895
1763485833.6326845,26.302304287108363,8.454141100269213,9.846567502908998,2.0678320762408715,5.92055382341027,0.013209784279009552,0.25759779901046165,0.05168509754114739,0.004945277481101569,0,0.15707623238938234
1763485833.6338987,26.490800841232517,8.471696109735138,9.86694108026569,2.0683987376955373,6.07055382341027,0.013211090125880906,0.25759779901046165,0.05168509754114739,0.004945277481101569,0,0.231324294342972
1763485833.6350758,26.6787520362446,8.48902571122385,9.887005463598195,2.0689546414104325,6.22055382341027,0.013212396601850354,0.25759779901046165,0.05168509754114739,0.004945277481101569,0,0.39682861094919797
1763485833.790543,29.35712707953575,9.530018134812067,11.327777856994956,2.11556346996446,6.370553823410271,0.013213794353995688,0.25759779901046165,0.05168509754114739,0.004945277481101569,0,0.45977367629819166
1763485833.7921147,29.55599831685457,9.552308588221793,11.353645651336846,2.1162750607646137,6.520553823410271,0.013215193121044048,0.25759779901046165,0.05168509754114739,0.004945277481101569,0,0.3505009402215904
1763485833.7934878,29.75128935609059,9.573064678294934,11.37752689294051,2.1169273686684593,6.6705538234102715,0.01321659277641855,0.25759779901046165,0.05168509754114739,0.004945277481101569,0,0.35015341108466347
1763485833.818379,30.380643239543044,9.780198652954313,11.642014496784139,2.1246582575834156,6.820553823410272,0.013218008810901119,0.25759779901046165,0.05168509754114739,0.004945277481101569,0,0.13700707145754287
1763485834.0380442,35.04214993202227,11.720089847979029,14.146554941049272,2.191731723551668,6.970553823410272,0.013219596032033144,0.25759779901046165,0.05168509754114739,0.004945277481101569,0,0.02631929046657725
1763485834.03966,35.247162795340735,11.744850058589295,14.176004122488274,2.19253360613341,7.1205538234102725,0.013221184719484427,0.25759779901046165,0.05168509754114739,0.004945277481101569,0,0.3194242748803334
1763485834.0409753,35.4457546649917,11.766876223432739,14.20185807358599,2.1932437699595146,7.270553823410273,0.013222774603189283,0.25759779901046165,0.05168509754114739,0.004945277481101569,0,0.42075815979255093
1763485834.0423033,35.64464112319075,11.789023499839441,14.227881152260585,2.1939582819834875,7.420553823410273,0.01322436569697378,0.25759779901046165,0.05168509754114739,0.004945277481101569,0,0.40996682469311674
1763485834.243134,40.46629700849423,13.773762614749888,16.852232215126794,2.2565221847078867,7.570553823410274,0.01322617049939401,0.25759779901046165,0.05168509754114739,0.004945277481101569,0,0.3125354034408535
1763485834.2446845,40.672752752127266,13.797969384629166,16.88361282646253,2.2573887404050983,7.720553823410274,0.013227977220195976,0.25759779901046165,0.05168509754114739,0.004945277481101569,0,0.4065163461024775
1763485834.2459965,40.87368422373799,13.819991114181711,16.91172804381859,2.2581814567594107,7.870553823410274,0.013229785567997364,0.25759779901046165,0.05168509754114739,0.004945277481101569,0,0.5078751043915354
1763485834.2475512,19.006259604622475,6.002279539667956,6.582379554138107,1.5267985623759388,4.8848777691569545,0.009924179283518948,0.2980122643725854,0.05414368466720949,0.0033404975221456037,0,0.6840067876439567
1763485834.447926,21.21577609084647,6.8326723731166705,7.767741092490431,1.5705585734342902,5.034877769156955,0.009926282648125917,0.2980122643725854,0.05414368466720949,0.0033404975221456037,0,0.945222534447629
1763485834.4495354,21.404033202649686,6.848864095632072,7.788966452518578,1.5713964965791003,5.184877769156955,0.009928388762979435,0.2980122643725854,0.05414368466720949,0.0033404975221456037,0,1.1066828190881206
1763485834.450871,21.589285467250434,6.86399834326318,7.808303257236107,1.5721756004285228,5.3348777691569556,0.009930497165667945,0.2980122643725854,0.05414368466720949,0.0033404975221456037,0,1.2673409282407846
1763485834.4521894,21.774367579686864,6.879065191544433,7.827540222201508,1.5729517889524245,5.484877769156956,0.009932607831542824,0.2980122643725854,0.05414368466720949,0.0033404975221456037,0,1.438531328101937
1763485834.6529846,24.403885655621806,7.711245361017478,9.43006352195446,1.6177638793203457,5.634877769156956,0.009935124172563327,0.2980122643725854,0.05414368466720949,0.0033404975221456037,0,1.623154524643495
1763485834.6546354,24.594831604835562,7.725947130729638,9.455306551413953,1.6187625091361864,5.784877769156957,0.009937644398828372,0.2980122643725854,0.05414368466720949,0.0033404975221456037,0,1.867031427634985
1763485834.6559815,24.78203299042907,7.739761568524351,9.477758850773387,1.6196946341739642,5.934877769156957,0.009940167800411652,0.2980122643725854,0.05414368466720949,0.0033404975221456037,0,2.115357951507438
1763485834.6573884,24.96998761531486,7.753729795692758,9.500795892961097,1.6206414629764008,6.084877769156957,0.0099426945276434,0.2980122643725854,0.05414368466720949,0.0033404975221456037,0,2.3097407237248104
1763485834.8576887,27.863737491811577,8.34566674448152,11.606890561185637,1.6663566458843506,6.234877769156958,0.00994577110311354,0.2980122643725854,0.05414368466720949,0.0033404975221456037,0,1.7985541773236728
1763485834.8592832,28.051680478587038,8.354806942094687,11.634501167254673,1.6675457473928066,6.384877769156958,0.009948852687914546,0.2980122643725854,0.05414368466720949,0.0033404975221456037,0,1.6540117796116816
1763485834.860642,28.237074625847182,8.364043850069073,11.659517998963365,1.6686830691084982,6.534877769156958,0.009951938549288435,0.2980122643725854,0.05414368466720949,0.0033404975221456037,0,1.5343503061252688
1763485834.861966,28.42208442615958,8.37327656002961,11.684161053100595,1.669814015287656,6.684877769156959,0.009955028584760056,0.2980122643725854,0.05414368466720949,0.0033404975221456037,0,1.4312222112331061
1763485834.8632922,28.60711077328678,8.382485431107009,11.70884244851231,1.6709470017016461,6.834877769156959,0.009958122808855985,0.2980122643725854,0.05414368466720949,0.0033404975221456037,0,1.4089847995448341
1763485835.0619566,31.17554656535369,8.291216766986906,14.172131600747528,1.717358508813853,6.9848777691569595,0.009961919648448139,0.2980122643725854,0.05414368466720949,0.0033404975221456037,0,1.2584098629819058
1763485835.0635674,31.362469986194593,8.29764549992468,14.201170640241363,1.7188103541387691,7.13487776915696,0.0099657227328256,0.2980122643725854,0.05414368466720949,0.0033404975221456037,0,1.1135065250979308
1763485835.0649025,31.546669415210342,8.304671013969383,14.226950489503364,1.7202006115816797,7.28487776915696,0.009969530998952493,0.2980122643725854,0.05414368466720949,0.0033404975221456037,0,0.9968503600994147
1763485835.0662348,31.730834927114085,8.311693159488415,14.252698596767216,1.7215920572608368,7.4348777691569605,0.009973344440654829,0.2980122643725854,0.05414368466720949,0.0033404975221456037,0,0.91875110061783
1763485835.2659566,34.16148699736824,7.956058054073967,16.8412296025414,1.7693436052018645,7.584877769156961,0.009977966394045471,0.2980122643725854,0.05414368466720949,0.0033404975221456037,0,0.7731903772365945
1763485835.2674024,34.3470225442478,7.96274662784198,16.868363537131312,1.7710520158922989,7.734877769156961,0.009982594225249252,0.2980122643725854,0.05414368466720949,0.0033404975221456037,0,0.6026960303662772
1763485835.2685947,34.53008089538055,7.970021576384987,16.892491536964588,1.772702785972593,7.884877769156962,0.009987226901412736,0.2980122643725854,0.05414368466720949,0.0033404975221456037,0,0.45220119089900396
1763485835.2700932,18.025839992284418,4.572300135673482,6.6993360173599745,1.3547611036172533,5.391141649316841,0.008301086316870689,0.49612695260157463,0.09281401189121939,0.0014954859162595437,0,0.342842662240056
1763485835.4712903,19.24080337822347,4.616076666927619,7.6821242525066324,1.3931543467355212,5.541141649316842,0.00830646273685661,0.49612695260157463,0.09281401189121939,0.0014954859162595437,0,0.19620846539399217
1763485835.4727924,19.421200930593297,4.626750760541266,7.6999320211168865,1.3950646559131585,5.691141649316842,0.008311843705142697,0.49612695260157463,0.09281401189121939,0.0014954859162595437,0,0.12285134532078612
1763485835.4741106,19.60054560694872,4.637351278275113,7.716792959204079,1.396942491503804,5.841141649316842,0.008317228648883157,0.49612695260157463,0.09281401189121939,0.0014954859162595437,0,0.08184364907761776
1763485835.4753642,19.779531172116375,4.64793060107694,7.733326547834823,1.3988097565286912,5.991141649316843,0.008322617359081765,0.49612695260157463,0.09281401189121939,0.0014954859162595437,0,0.07854353848174533
1763485835.676621,21.379866039508983,4.8828962371563485,8.90946000770455,1.4380397543993073,6.141141649316843,0.008328390931935265,0.49612695260157463,0.09281401189121939,0.0014954859162595437,0,0.01926207230747503
1763485835.6782048,21.564357023658374,4.895076623072503,8.929696251456651,1.44010833426335,6.2911416493168435,0.008334165549027012,0.49612695260157463,0.09281401189121939,0.0014954859162595437,0,0.09344601295748352
1763485835.679566,21.747081765942536,4.906960020377518,8.948504726134468,1.4421354290769675,6.441141649316844,0.008339941036738591,0.49612695260157463,0.09281401189121939,0.0014954859162595437,0,0.12200194297309652
1763485835.6810114,21.93050769514311,4.918972764912177,8.967868837988659,1.444178725503515,6.591141649316844,0.008345717421913292,0.49612695260157463,0.09281401189121939,0.0014954859162595437,0,0.10196954998326951
1763485835.8403194,23.55478311357253,5.244100989355182,10.085121607963117,1.4760674439218064,6.741141649316845,0.008351423015580001,0.49612695260157463,0.09281401189121939,0.0014954859162595437,0,0.20169634821685484
1763485835.8416977,23.7398524396318,5.257820466859023,10.104456873751989,1.4780763231144622,6.891141649316845,0.00835712658948472,0.49612695260157463,0.09281401189121939,0.0014954859162595437,0,0.28913169054075083
1763485835.8428895,23.923131691994897,5.271051976372574,10.122526153533927,1.4800490843727423,7.041141649316845,0.008362828398807523,0.49612695260157463,0.09281401189121939,0.0014954859162595437,0,0.23529697380818013
1763485835.8658977,24.321198313541554,5.345929309644053,10.289587953722599,1.4861709079340182,7.191141649316846,0.008368492924038495,0.49612695260157463,0.09281401189121939,0.0014954859162595437,0,0.2545804067086599
1763485836.0860507,27.017163479284456,6.230043568245433,11.907464867593012,1.5301398368414931,7.341141649316846,0.008373557287673253,0.49612695260157463,0.09281401189121939,0.0014954859162595437,0,0.4522626872075175
1763485836.0876684,27.207922866002104,6.249374272173283,11.927053011361316,1.531975317049586,7.491141649316846,0.0083786161010727,0.49612695260157463,0.09281401189121939,0.0014954859162595437,0,0.5140376377267585
1763485836.0889857,27.395123427651864,6.267000623371234,11.944846716632073,1.533750767944134,7.641141649316847,0.008383670387575213,0.49612695260157463,0.09281401189121939,0.0014954859162595437,0,0.5018298145489815
1763485836.0903258,27.582610576395407,6.284785413119605,11.962765703523852,1.5355290903732726,7.791141649316847,0.008388720061826022,0.49612695260157463,0.09281401189121939,0.0014954859162595437,0,0.5797486861742105
1763485836.2913935,30.47155625613388,7.711194886870349,13.23454424763828,1.5762824302468035,7.941141649316847,0.008393042061601111,0.49612695260157463,0.09281401189121939,0.0014954859162595437,0,0.7123516210484439
1763485836.292949,30.663930860110984,7.7349741342959595,13.25156641842152,1.5778512996458054,8.091141649316848,0.008397358430850906,0.49612695260157463,0.09281401189121939,0.0014954859162595437,0,0.7709670169120546
1763485836.294297,30.853503753375964,7.756947830943824,13.267635199833327,1.5793774033586945,8.241141649316848,0.008401669923268686,0.49612695260157463,0.09281401189121939,0.0014954859162595437,0,0.8204346383581655
1763485836.2955961,31.042424725749548,7.77851593727781,13.283468954301313,1.5808922081353582,8.391141649316848,0.008405976718214404,0.49612695260157463,0.09281401189121939,0.0014954859162595437,0,0.7405691462120391
1763485836.4965098,18.88469850498527,5.3303255189249255,6.326660640094711,1.4824298860976615,5.737368792756501,0.007913667111470856,0.14036151016655035,0.028290918611069207,0.0009197988270911446,0,0.5152087899024617
1763485836.497858,19.066341624720653,5.348363901865506,6.338993893268645,1.483697745278289,5.887368792756502,0.00791729155171251,0.14036151016655035,0.028290918611069207,0.0009197988270911446,0,0.4236861009262878
1763485836.4990406,19.246692182132755,5.36543056332688,6.351038193590355,1.4849337200911719,6.037368792756502,0.007920912367843548,0.14036151016655035,0.028290918611069207,0.0009197988270911446,0,0.42981304748384147
1763485836.5002048,19.426910212000124,5.382402997964555,6.363048817176205,1.486165074481984,6.187368792756502,0.00792452962087531,0.14036151016655035,0.028290918611069207,0.0009197988270911446,0,0.4384080399482082
1763485836.7010639,21.44884083383531,6.829076558784047,6.750006384896817,1.5244614923058153,6.337368792756503,0.007927605092129197,0.14036151016655035,0.028290918611069207,0.0009197988270911446,0,0.2929593703909919
1763485836.7026503,21.63531196547896,6.852302562633597,6.7621248281099335,1.5255851051157492,6.487368792756503,0.007930676863175827,0.14036151016655035,0.028290918611069207,0.0009197988270911446,0,0.2406685683014981
1763485836.7039757,21.819227618946496,6.873376332607155,6.773890199873545,1.526658548159557,6.6373687927565035,0.00793374554973568,0.14036151016655035,0.028290918611069207,0.0009197988270911446,0,0.2500468474060832
1763485836.7054677,22.00481246300822,6.895869767834904,6.785874919413434,1.5277621722320132,6.787368792756504,0.00793681077136416,0.14036151016655035,0.028290918611069207,0.0009197988270911446,0,0.2107489118330293
1763485836.9080455,24.464302010635844,8.874486280633493,7.077610035096076,1.566897427621092,6.937368792756504,0.007939474528674618,0.14036151016655035,0.028290918611069207,0.0009197988270911446,0,0.3583176833158116
1763485836.9096155,24.6542405170577,8.90197777797886,7.089072425983701,1.5678793846631727,7.0873687927565046,0.007942135675464342,0.14036151016655035,0.028290918611069207,0.0009197988270911446,0,0.44539493995345214
1763485836.9109406,24.841196133747754,8.926768305073532,7.100300513179687,1.5688137281136003,7.237368792756505,0.007944794624429546,0.14036151016655035,0.028290918611069207,0.0009197988270911446,0,0.5939219452994001
1763485836.912243,25.02788779116271,8.951328021448829,7.111500563219788,1.5697429623191073,7.387368792756505,0.007947451418480628,0.14036151016655035,0.028290918611069207,0.0009197988270911446,0,0.6656455361196896
1763485837.1129577,27.973780350685693,11.502059805941554,7.317320850766884,1.609081071144676,7.537368792756506,0.007949830076072044,0.14036151016655035,0.028290918611069207,0.0009197988270911446,0,0.6721646108511891
1763485837.114467,28.165721077106234,11.533314486070083,7.327128759950522,1.60995683131423,7.687368792756506,0.007952207014895298,0.14036151016655035,0.028290918611069207,0.0009197988270911446,0,0.7334296498913426
1763485837.1157312,28.354212767272788,11.56114542446311,7.336959522972,1.610784444563454,7.837368792756506,0.007954582517718004,0.14036151016655035,0.028290918611069207,0.0009197988270911446,0,0.7554892599674787
1763485837.1168814,28.541100149483814,11.587385767772792,7.346799245626383,1.6115893866107933,7.987368792756507,0.007956956717338915,0.14036151016655035,0.028290918611069207,0.0009197988270911446,0,0.8214333350409422
1763485837.1180344,28.728041394961597,11.613686085761843,7.356632736123109,1.6123944507066692,8.137368792756506,0.007959329613466657,0.14036151016655035,0.028290918611069207,0.0009197988270911446,0,0.8690139868346496
1763485837.3176386,32.06538236878275,14.771243631595263,7.346705366986051,1.6521030597484583,8.287368792756507,0.00796151769647533,0.14036151016655035,0.028290918611069207,0.0009197988270911446,0,1.0960808382996843
1763485837.3191838,32.259919487415516,14.8072987525476,7.354363871900992,1.6529243655710706,8.437368792756507,0.007963704639345202,0.14036151016655035,0.028290918611069207,0.0009197988270911446,0,1.2342548671219769
1763485837.3204896,32.450742248532556,14.839337701979906,7.362371882807543,1.6536979803667047,8.587368792756507,0.007965890621893675,0.14036151016655035,0.028290918611069207,0.0009197988270911446,0,1.3701341883004856
1763485837.3217607,32.64102982073659,14.870807295664845,7.370421252938782,1.6544644037039375,8.737368792756508,0.007968075672524796,0.14036151016655035,0.028290918611069207,0.0009197988270911446,0,1.3958076531025554
1763485837.525803,18.981432393245743,7.692756505098916,4.016930667126215,1.6523898453534709,5.611537322971968,0.007818052695173359,0.4043787238090819,0.08136214341046034,0.0002942192978130909,0,1.8006134455840033
1763485837.5272248,19.16224803890853,7.713905545643353,4.025842527381709,1.6531425221332394,5.761537322971968,0.00782012077826271,0.4043787238090819,0.08136214341046034,0.0002942192978130909,0,2.077652102025083
1763485837.5285187,19.342135134512127,7.734055715613323,4.0348499349692615,1.6538699726356225,5.911537322971968,0.007822188321953725,0.4043787238090819,0.08136214341046034,0.0002942192978130909,0,2.2765699202686336
1763485837.5297778,19.52177074937812,7.75393588564122,4.043882848214383,1.654590437207577,6.061537322971969,0.007824255342971613,0.4043787238090819,0.08136214341046034,0.0002942192978130909,0,2.4258275218380367
1763485837.690972,21.032825248630626,9.156637283861215,3.9699499462373975,1.6868744228126333,6.211537322971969,0.007826272747412715,0.4043787238090819,0.08136214341046034,0.0002942192978130909,0,2.6558727698391937
